Id,price
PSJEN,105.73
PVZW7,152.6882142857143
EJLAM,63.020166666666675
SDHPB,63.81
MJGYX,390.57
W2IB5,803.82
QQ6N7,112.16
KZ8D0,239.43
6GVSR,166.31
M13UD,252.15
JGFX2,270.41
SWFBE,102.35
AGG3O,100.38
8SXGU,140.41
8UQUQ,108.38
RWSBZ,405.15
CP2YK,97.64933333333333
0UCG1,273.44125
N5NBU,129.4350681818182
RXDRA,270.65
27BDQ,69.32666666666667
DQFIY,175.4
4HRAF,171.93
PDWVC,360.09
G5EYJ,311.3725
3IKG8,152.8
EPXVM,63.28714285714286
1JEZF,252.796
DQMFO,60.38171428571429
STTV9,164.01
P4KXV,159.55
A674U,196.58444444444444
R9H7N,50.0
6D5IK,193.35741708291712
BZ7OW,234.76333333333332
DFIHL,305.82
W2ANQ,137.73
8GHVJ,47.14
NGVRV,165.21
YWB7E,258.5555
9OQ8H,676.13
A9ZUC,100.02157575757579
0KTAT,350.65
EFH52,197.54
SVGB8,62.51666666666667
Y1V2Z,126.82600000000001
FS5NB,60.60333333333333
4RPAU,545.3633333333333
LVNF6,257.1
CYPSM,228.20362265512267
DSO0M,149.55
M3ACR,65.95
5L50R,123.79904761904761
NTRRT,63.54
A7LZK,66.5
RU0FN,75.845
F6PFT,226.75
CZ87K,189.92
YQA3V,256.09
QRLCI,269.81
NX1FT,76.69
YVEVU,155.94210245138424
QJTED,95.963
SRM83,100.25
RCL70,84.31
G9W6L,72.85
DIFMN,131.06
BBKR1,62.61
U0JSY,134.86
IZSTN,161.26
8E88L,170.005
8Y6GN,336.43
RKVBT,179.21979020979023
237ZJ,63.24666666666666
IYIJ4,40.54
YZGC0,59.63
SJZGW,311.5225
GYY14,137.95
X0WCC,522.42
MT2VJ,182.86
WZBUX,104.13
EFRXO,66.65
JCYGL,207.26
MAIVS,112.72535714285713
XRZAJ,70.34
NVORT,87.35
VVORD,71.08
0MJI6,200.19
N2HY5,329.13202380952384
BZBGI,138.33
YGOKR,252.8414563492064
ITPMU,178.54
VIFI5,97.02
N58DR,66.86
AKEJQ,145.73666666666668
727KF,71.08666666666667
8VLUJ,183.44
XHNBZ,109.38
S0PGX,206.58
Y34EV,61.13
FZP4L,254.11
ZMP4A,66.01
VOWIY,126.11367965367964
IAMA5,104.45
X7I0M,335.16
URP86,184.9
AIJMH,148.27
XA3O1,102.41
I8BXR,270.272
KS4K1,485.7030079365079
NRE9B,51.49
NQQZ5,196.47
FSBE0,112.42
LUXQP,350.8
ZZFPV,104.08166666666666
BXXS4,94.6904761904762
EAPAB,106.8
JSOYD,243.26
BBYRE,52.06
BNXDV,89.45860591665816
5S34I,208.14
3XLB7,96.13
1RKHW,111.43
YZ7H7,130.94
SZMVD,96.625
KPHGW,211.05266666666665
P0CLW,317.07
DAMSV,97.89
NSE43,64.365
AILIP,637.43
DVAQ5,61.26
MAQEI,132.29
PK0WF,137.28
FWV5N,384.98
OLO9A,205.95
6U5T0,78.04
9T8KY,246.25333333333336
5DYDN,127.92
OGMI8,318.75
CJ08D,296.02
TYHNM,192.93
7WFXL,105.33
3Q27W,146.08
H4I4X,210.54
CZ5HY,210.27
2CRD9,160.49
CRMW9,212.56
F5BHJ,31.39
UJDBB,143.29
P5TLG,133.74
FL4W8,825.42
XEXHT,146.97
S0PXG,81.05
BSO8R,91.82
48XUP,110.47146386946388
JIC3L,400.1700000000001
UKKYH,120.57
2ECHB,188.87
MTNOV,152.64
VPVX1,139.78
1QMWD,147.88
XBPK3,1220.29
YMMIZ,181.9654259351759
GD0L2,86.53333333333332
RMPMB,85.86
KWPGJ,104.14428571428573
OYNWD,662.09
PUD5Z,171.42
PR7XD,134.12
D47GJ,131.86
61DHI,157.71133333333333
EZGZM,243.01
1BLQQ,91.98
M1U0O,111.2925
RMHFR,195.7
F70IB,70.45
I64PE,267.8666666666667
YFL3B,9999.0
9NLZ4,117.9
V4C3F,106.98
HZFOM,88.35
TYUSC,413.30767857142854
SGCXB,269.48
83BEJ,160.27
J2YZZ,94.63
ZSO74,258.22866666666664
I52OO,230.24
3NXPW,203.38
VY3LK,64.89
YIJSE,158.3
Y7ZJP,356.9
5ZCZC,730.2660000000001
VFBGY,101.94
CYDWT,141.99
GVB85,213.905
BSZI3,103.11
4OLRX,317.0
LW6JE,229.08
FQUF5,136.21666666666667
KIRAO,58.67
FOJQ8,726.47
CYWAU,65.71
PENXD,61.71
TGD4F,162.13
OHRDA,61.28
9O6I4,563.65
VXQMW,105.19
8FI93,141.21
YGV5S,99.24
OFIVI,198.96
HPJQE,225.61
PTOZE,211.75
1W0JW,92.3
58IMQ,126.065
BDX7X,127.0
XT5QI,142.08
GHM51,97.77
C7GLA,152.05
AMB4Z,125.14
KIUHW,105.66
C0ESZ,132.97
5IXXZ,65.62
B5N5G,309.28
2RFZI,231.17
YKNOS,194.77633106780482
8LY2C,108.54
UIU6S,65.17
XPCLM,133.31
CBZFX,593.1
CA0XI,182.095
OISKQ,127.65
RACD0,446.02
MLNXR,137.01
EEXB6,189.88
YOC4F,104.51
O9VS9,219.51
9OCMO,44.17
5YMHR,355.66
QIQKT,78.9
Z8BJK,148.96
JVMVK,193.35
ALOYT,100.81
ZAS8J,107.04
PGM1N,697.77
AXLOM,99.15526320806818
CP7JU,96.72
Q1NJS,317.44
5NEHP,152.3
EOQFD,562.45
FLV7P,367.01223809523805
AD5JH,258.0
LWCN3,165.76
VQQOC,119.44
TIYLM,194.3683333333333
XFVPN,90.73107225273867
D2WEN,51.91
6ICVR,88.908245980038
KVZXE,392.65
2X9EV,124.22666666666666
U0BSV,264.0853333333334
VYXF7,161.05
FPOCN,214.70375
KU2FH,237.73784523809522
XGYS5,758.88
6HCQH,66.48
JUBMB,253.24
OJUCB,219.48695238095235
PLUSQ,70.64
OY9XN,130.40333333333334
ZZXHQ,299.93
YANKV,237.31272727272727
VUHOH,159.63
AHQ9I,28.451999999999998
LOCWE,65.04
4MSPR,161.47
YNBUM,195.74
2L3L8,169.84416666666664
JHALJ,104.86834126984128
US1Y0,145.355
DYT2I,145.35
BUFX2,247.69
BCMFA,37.09
ERFUN,197.12
XYO8P,3333.36
WIINZ,111.02
G8MIB,81.55
5VGWA,112.9
6WMLI,119.52
GLIE6,166.05
UJCSJ,155.82
D9RR6,93.65
1EMSK,76.178
XTIS6,88.66
FXHUZ,279.51
YK7OM,80.95
XRSJL,167.98
96OYY,237.35
UAPG1,344.785
JZHNV,106.45
PS7EJ,99.15526320806818
YYE9I,94.08
CONDE,120.89
GKLZQ,137.73
C1VOO,328.6290909090909
VD5QM,144.86
LSHGH,95.32700000000001
ETEXG,151.57
NUOYK,196.98923809523808
7Q6AC,180.33347570260193
ZE6P9,194.77633106780482
W7CNE,203.57333333333335
NTYKH,116.8
ZR3QV,93.04
RYP2Z,213.44
3Q3F8,130.65
A3YT6,187.46
EY6N9,122.25
SK0HA,978.16
D2TZU,62.58
QXSUD,132.74
DP6YU,120.21
20YJI,95.83
4UONV,187.1
ILMSL,134.14666666666668
UFIII,88.71
UJVOP,284.63
Y0AP4,380.01
3LOFP,260.39
6IAQ2,68.18
ROBXA,506.86
I1NFK,47.6
J2WVV,146.46
O0WGR,123.74
WLGAM,544.94
IQV59,152.18166666666667
Z7RNP,81.06
Q11DU,338.2
EZR9C,1778.67
XD6KZ,64.87
U20BD,254.50633333333334
YLFED,155.94210245138424
N3B6M,143.55
EG9AR,87.81
JYPAY,227.39
EY4SN,79.27
REIJ9,914.3
U47O9,175.38333333333333
G145U,83.27
RBSJ0,141.6
TQMNF,126.49
WCTXU,226.02
L8Z4X,91.17
SFFJI,214.3138430735931
VW26K,147.12
K2SRN,99.13
C9SQ0,201.98
ULCH5,213.1016666666667
XGEUW,88.93733333333334
IPYY1,112.12
5DO3Z,160.33
PGS1H,110.46666666666668
R5M4H,104.25
FNBJR,212.81
EU7KP,77.594
KFOHQ,59.17
VMGTW,135.855
JGBJS,128.36
LLBQL,65.58333333333334
BLJX9,284.52
EZUNN,904.14
9FP14,388.78
FZUW4,143.935
CNCBB,79.71
GCJD6,202.16
JUIY6,62.83
4ENLA,1107.98
WLB6X,125.75
MGL4T,676.4
R9XBF,42.29
HQHEV,155.94210245138424
SA0ZM,151.56
QUUFB,141.0966666666667
PPRA3,120.57
IHJ42,457.19
O92RP,186.32
6EHUR,296.93
ZAN7R,161.31
K55HG,311.52
LEEGO,132.02
924JA,83.99083333333333
BVCFK,330.18
IQYJH,137.87
LYGZ2,116.02533333333332
H7YFQ,372.09
MKZK0,162.26
F71JF,183.24
UL4BH,170.61
1SIY5,139.01
CIQYO,113.82
CNM9D,95.38
IQ1VK,274.58
BEB2B,517.6
KPDAY,201.69
HZZNA,193.35741708291712
BUM4N,108.41
ATMJW,184.79979804345982
LAEN5,180.51
FVQMO,86.48
RKTMG,199.9513333333333
DTGZA,72.49919047619048
SPKIE,149.99
7JYXQ,154.75
A1XH2,81.57666666666665
HF8YA,366.06
NLGKY,337.37
MK6L0,203.87
DRXIJ,349.9782142857143
MDBJ4,77.51
R3Y2T,172.80385714285717
MBGXD,50.46
ABHYR,169.62
93D8R,164.88
KL28X,168.88
DVWPM,91.28
1LNCW,393.46
ZKUUS,208.31
BMD0C,180.33347570260193
XHJDY,208.87
3AZGV,242.83
INQIF,276.93
69YZF,355.56
RRQFA,121.75583333333334
YMIQM,244.59
XSXMZ,353.7
I8O1X,254.92
UO9A3,163.34
ZJZRF,1327.18
IAJEF,55.26
R9YG5,112.25466666666667
LVAZU,9819.0
RODIX,165.46206349206346
JHUYL,105.98
IYMLR,46.66
WW222,149.42375
RMCGJ,194.64
AYG0H,58.23
OH2D2,576.02
ZMECM,243.49
IMTVF,123.59
CXDVO,60.52
EPLOX,119.89
UOB5F,50.115
HO7RU,99.33
GIQUN,140.24
VVMNC,175.46
GZOTB,123.64
KBCAD,96.6938214285714
8Z7TN,64.46
Q2O5G,179.18
NHHDE,123.2
OYZLH,349.58
74ZLM,72.35166666666666
WHK61,73.06
BDKFY,132.98
K6XFW,88.908245980038
JDAZP,159.36
SSD9W,368.11
RBC6D,278.55958333333336
JIGYT,293.8
MQL9C,83.64
PIKTG,121.76
YHXGB,249.26
CYERD,76.49
R8MPB,109.52
2PFYG,60.83209523809524
UKEQ3,213.5
ZFQJW,101.2
UJA48,155.47
1BU1B,348.43
OFQ8W,107.85
XVXB7,170.39
XCS1Z,464.08
BWUKZ,214.82
KVZ6P,365.86
BJ2RX,125.65
KU65N,104.0
OZS0H,49.64
WNOCH,687.47
54FJZ,54.14
XX55F,104.70384523809524
DPWQW,433.36
NFNRW,129.05
EO32Y,193.35741708291712
U2NDW,92.99
GJCYK,226.7217976190476
B96DS,197.17
SKDL1,289.83
SSLS5,149.18
TCSTJ,449.67
MHLHZ,198.27
52ZTJ,111.07
VFADP,462.79
5ETH7,464.9599999999999
QKOAZ,74.07
ZOKNQ,143.96
1V3JA,119.13600000000001
UPNU5,146.62
ABCSV,59.98
RPZY1,72.2
TDCQU,94.131
N2X68,229.9255
IO7S5,257.12
Q2WV1,116.54
XYUEE,89.28
RHINX,130.50361111111113
PAVAW,136.4365476190476
TIOJM,262.41
PW7QG,84.51761904761905
RQTAM,175.56
9QMC4,187.86
CU4S4,398.6
WIVXQ,177.98
970EX,220.94
DLGYM,134.9
H3ETS,128.73
FHRYG,99.85
FZLZP,101.54885714285714
PWPDH,73.02
VOAIF,56.51
OVHAR,271.83616666666666
XGN4D,83.54
TKT9J,230.28
7E5WO,210.85
4BD1M,130.89
0IVOE,75.15
0Y31B,195.82
K3MDA,434.97
B2YWG,98.76
VSZ5M,59.86
6BBZH,88.07
XKHTW,216.78
1LTYI,114.32
OW509,173.91
4CIN1,164.91
FN5GC,119.94
XGGJU,229.87
WMTBF,218.7
ITI59,80.12
5XRSV,607.52
ZSHHP,148.68333333333334
WOHWV,106.29
RXITE,129.81
QZ5DH,170.64
T9DW5,87.56
A5BOH,136.53
2VD3J,211.67
ADPFE,241.81966666666665
LDFPF,142.50333333333333
ZNWRI,79.53
XZHAH,49.65
0KTMK,358.81
2IIOD,140.29
ZRUR3,211.25
DNVAE,71.0
PHGZ0,111.14
PSTH6,64.25
1VAM0,427.3
NOE7N,153.9
77VHY,92.62
HV3TD,230.96
BJVZ6,290.87
BNQD0,289.01
NDTOB,219.72
BBZQN,59.12
GLG6C,154.93
NE6JQ,128.16
AA7RY,188.53
NFXSI,151.09
7EMT7,84.31
ASDN3,159.89964285714285
NZ2LI,130.07
9INWP,94.36
5NODI,171.66
BF2RO,101.16
GK9AL,180.86480952380953
D7QDX,57.465
G0TXK,206.21200000000002
HCRIL,122.62
OLXAM,131.97
TXMFS,180.33347570260193
KZA7J,84.00916666666666
GCJCA,62.97166666666667
BOFGO,45.86
N1540,217.07
QQIJX,304.0
XK39I,172.03714285714287
HJRUZ,133.45
YDIGK,71.38
B5JFM,66.00854761904763
NK07Y,457.0988888888889
FYWIJ,160.37
RRZE9,159.28
G23HI,203.66
YNPZQ,456.75
N7QMD,104.79
IFITA,87.52975283050284
EQMZP,64.48
F1CK9,175.01449134199123
O9482,278.78
LJY2O,135.85857142857142
HFYJD,80.0
JXW2D,112.346
NCKCC,133.92152380952382
RRHCX,155.79999999999998
FWOF6,623.78
ASCEP,101.01
CDKPT,181.8
PBSY3,290.236
8CUCI,441.71
FJTYU,565.45
FU4VH,112.73107142857143
7WTFU,321.7366666666666
YVFQM,341.54
JS0QG,99.15526320806818
WEALY,134.35
ELKCL,84.05
ZJJCE,162.28
UGKGB,159.77
YV7Q5,173.74
YAT3W,158.0
GO5DW,104.37
OEHCS,58.42
OF0DR,105.37
CHSQ5,99.15526320806818
2NCP5,190.6631904761905
VQYXY,130.48
DFKOO,229.9820833333333
68DEL,237.73784523809522
JGXRC,244.05
NSOB9,157.07
P6Z8D,125.14
WZLF5,111.04
OEB0P,54.24
AE6NS,171.69
ER7AE,264.78
8OL8N,68.96
1JFK1,348.98
0A69B,249.21
EG8RA,137.25
GOPDI,282.23
QKJ49,166.67
7RIEJ,179.05277380952379
ALWUX,84.24
PEBB6,349.595
YK1SQ,209.28
GN7FH,453.27
P8LK6,118.37100000000001
FZUST,197.49333333333337
V1ADI,169.15
FF5I1,422.66
MIIJC,383.92
SZKJ4,150.15
MYJNY,366.15
JYTRB,81.93
VE9FH,135.62
UEJXA,76.21
H87UZ,307.9633333333333
5SSSW,328.17
I1LOX,66.63
84ISM,486.02
8UCXQ,204.19
BQXI9,421.5625
NMK3T,66.4
9UQPO,89.61851173385953
E0DUV,151.52
GRL7G,83.3
ZSXXR,141.62
6GZMA,213.56
GJNOF,280.004
27XYA,266.71
SZ4L1,265.8
GKIOV,163.45666666666665
UDQQS,353.49
VFWJV,220.407
P2TOG,71.06
7MGNB,148.35
WEQBV,350.74
JPJYG,241.71
O0IO5,304.0
HF3S2,136.68975
FNCRF,226.90047619047618
PMBUZ,412.01
5FJWK,383.81
IMREH,58.05
KVS2T,313.98
D8EU2,189.19
H010B,98.84219047619047
S1Z2B,385.82
KYGEY,188.79
QY5IB,68.33
0LXKG,426.65
AV4BU,362.86
UTSP8,110.08
LTT7J,498.92
IWAWJ,187.31
IXI0S,545.3633333333333
9CDF7,154.0375
4WYC7,139.5
45CU5,184.59
EXKPH,109.25
JSEUZ,153.65
YODFI,189.46
FSBB8,151.61333333333332
UN8IB,163.84
DBVRI,139.1
CBTHM,88.1875
YUK8P,112.96
31QPF,62.08116666666667
4OWQA,209.84615384615384
OCOAM,162.33
IZC1K,73.0
RSMJ5,463.4
O51GH,223.44
TRLFK,416.34
I6CUI,194.41
AXEWY,79.21
HLIK1,163.36
GTLAI,52.17
IO379,100.63
PN07Y,226.41
MKLPA,126.12
2RHRR,155.7607142857143
PWK9I,210.24666666666667
TSX4Z,121.34
VSZAD,85.74
ULOLA,379.07866666666666
YRGSX,57.717333333333336
D5L8K,115.27
MB2G7,86.75
HKXRA,221.69
LGGYN,199.99967132867133
9ZQCQ,221.42
TZPZM,377.50199999999995
DG541,595.07
FFSYV,127.47
SUN4Q,63.965
NFEMJ,79.48
EM3PX,58.53
0JDXD,259.46
WXURQ,353.2
CKXBI,80.84083333333334
CH9TM,220.07
JHTRA,344.43
4ALA0,136.67
VNO3C,122.56
OCMME,78.366
FCLAB,46.21
L5U8F,176.37
W3F8B,438.3466666666667
2DDSY,666.1158333333333
TJDXE,83.08
4ORVU,484.6
4WSJL,155.14
33U5Q,60.61571428571428
NPDVL,76.80190476190477
TJEMI,162.95
H5FCZ,191.62
XNGFH,234.22
SYAOF,231.73
RHCE6,58.17
QRK6V,293.214
DLBHJ,314.78
L6MGY,289.14319047619045
ZY5RF,160.49
UIB18,94.9
52ZVA,191.82
8SMDI,204.17216666666667
Q1UY0,105.02
69S0W,51.61
CMHH0,293.63
WDU7B,254.91
ZMUQE,176.81
HTLGW,74.98666666666666
YOTG1,68.0
FZNFA,71.44
RQRBE,120.255
VJYWV,661.94
6RG2I,150.44
C1D8G,59.4
CDWSK,148.02
W4PUE,105.67
UT5ZK,212.52
U70AV,155.56
LHHKI,118.96
BDAX5,28.7
XIXMC,78.39
YE3CV,115.87933333333335
RCU9N,202.2315082972583
USJ6U,200.87
JGBEW,56.24
ARVTV,81.77
RBT34,92.06
XQHCG,128.52
Y8Z1F,57.27
33DLE,115.68
HAT4A,66.43
3QFZD,200.40666666666664
9E81J,211.4
SJRKT,138.88
9YJLY,137.18
YR7XR,368.5333333333333
YAPZ9,139.75
OORVD,146.48
K5RVF,118.5
8IAAB,196.13
HMSGR,100.0
CK58Z,119.0
NYRRT,50.97
6UZWL,134.23285714285714
XZHDF,269.28
WVPSA,212.2
UZTVY,159.77
9Z3EC,129.73
BEOL9,212.48
T46CY,61.71
A2TFR,100.54584523809527
KBYGJ,272.51
NMCWT,131.48666666666665
I2BYC,1148.36
6UFJU,53.46
KSUUF,537.8235951548453
V8KKQ,179.67
WORZS,162.78
JGWYY,240.6
K3T9Y,185.12
ZSWAV,171.48
OTU2X,29.15
4DUJY,348.69
3GUAM,331.82
W7DEJ,75.48
Z6HF0,84.99
KE87Q,147.76
XFHCJ,71.34
1OCR5,75.71
NL6JD,74.45
2V1N4,172.53
SIALV,107.14
OO040,81.96
SGFEB,143.4927272727273
8SQGW,74.09
IFA4N,56.34
UYMDW,229.31
KFIJZ,343.02
SG4UX,209.06
L7MA9,2246.15
LSJX6,71.71921428571427
R5CE5,105.36
WTAFF,67.0
H0BTY,252.315
DGCFM,206.18
ILTV4,28.399999999999995
L8QGA,171.67
HW8L3,74.91
BQGIL,517.98
LKHBX,229.94
BPYOW,971.87
BA1KK,73.97
OCBC4,271.56
1GWIP,141.91185714285714
6BGN5,132.51175
EDWYG,54.99
XBG7F,144.93
DVYIP,207.3
PIFQZ,66.54
P79YQ,84.48
9DXDQ,107.78
JVDOG,67.71
S2SWG,69.54
HAE9L,148.59
7EIJS,389.29
R86P9,234.06
ZCTA4,67.67
TV406,39.24
CWDGR,555.71
KA1HM,94.02
RXWVT,72.56
VFWAS,164.08385714285717
TSEDV,110.14
FEYQY,88.67
IZPVC,177.40666666666667
LDRI9,153.37
66JK4,194.77633106780482
VCIML,949.2766666666665
QTUVT,62.2075
B75W0,170.89507142857138
ZQSH1,139.88
PQGYW,182.38
KKMQG,166.02944444444447
BPTVR,407.8
3JBLC,212.11
MIUBA,215.58
VJN90,149.99
R70BA,311.72
5IZ2T,169.92
VWRR0,90.73107225273867
EOQTX,134.37
OVWEN,92.02464285714287
15J7Q,56.66
WPXHL,154.592
PPC78,184.65
UGGM2,334.13
JWOAI,105.57
01JNQ,407.83625
DFPZC,310.8865
FAWYB,156.72
HOQUS,113.76
7G9SM,95.97
QOSYV,164.59
ZLOEL,57.82
G0OAR,158.15
TIMIB,145.7516666666667
RAQBF,90.66
FV1IP,51.46
AL9PE,105.39
WBTWB,128.67
RFP4V,116.8
N7FDR,346.67
LRMYA,271.28
XPNRJ,124.38
ZMZIU,564.47
IM0ZK,100.1
QXME6,473.93
FNSXH,250.31
WVIS8,95.06
ZKTTP,118.96
K58CZ,1040.01
3A1HG,773.01
RSQ8B,221.25
39SMC,189.79
O2VVN,264.7563333333333
CCBWI,165.3973811188811
POLKC,291.95
WGL5V,251.02
DW0HT,176.37350000000004
2FXNT,428.87
PWYLL,253.77500000000003
I0Y1D,170.29
UHJJU,85.25
GMKPG,356.35
QDXME,167.92666666666665
WKLJH,202.21666666666664
CP4IJ,106.21
S3NFD,133.95
FZITE,144.67
CXRFL,154.74333333333334
Q0BFZ,222.41
22NSM,222.58
RUVKS,145.02
C25T9,107.13
IH3TJ,77.51833333333335
CCJU1,67.95
RKEHF,134.77
ZFST5,198.22
LUCLV,129.29
BGPA8,83.165
EEYEX,84.00916666666666
E3DYP,100.93
MMEFV,141.77
QXO0Z,411.76
KIINX,93.9
MQ7LE,185.08
V0INB,380.83
CYTPS,117.81
JIIX1,147.59
DOHKT,330.84
6NJ3M,72.88
6UYLR,43.63166666666666
Y9FNN,206.13400000000001
YGJ3Y,118.53
OZKQI,294.9875
UTCFF,163.8
QSYUW,102.34
ROH3S,81.9325
MU2NK,64.78433333333334
DKLZZ,49.30733333333333
NIIEO,312.95
0UURH,84.3453831168831
GZJG1,136.03
JBWWT,113.44
OBBUQ,245.05
GVDZQ,188.05
O9D5M,452.5925
6ITSB,2005.36
DIZFR,243.71
S3WGO,75.75
NZGL0,56.04333333333333
MP29A,169.8
AIBXY,132.1
1AMRV,108.35
SC0OP,178.92
GU4WO,132.92
ZPOO2,161.56
1T1RJ,207.18
5BFQY,155.7607142857143
2DIDV,52.77
9KL8B,254.79
Z4JZY,194.95555555555555
JKUTR,308.37
DGBHY,68.35
TX0NW,241.52
SEEQN,68.81333333333333
GKIGY,124.38666666666666
N9G6J,133.71
C8TCJ,231.5575
6LDZU,206.74
ZMUXG,187.78
RZDGR,217.19
1KWHV,198.5
PEXRW,112.91
3BR4Y,189.84
GLCSY,187.34
1YC9Z,96.4
O3GVL,133.1
FMJFT,67.05
9ZU7J,54.38666666666667
VYYX1,67.8475
8Q8TM,371.86
KTQKX,230.17
IE012,88.73
AEAR5,132.3
RSWCP,94.27749999999997
8QEAX,251.49
TLU0O,72.89
LX4LD,221.86
9MOYU,127.72714285714287
ECW4J,124.52666666666669
RUF4L,127.33
ZYBX0,91.8
EWAFM,54.06
GAN2M,116.12
W0ZG4,245.60714285714286
VQEIV,197.9
P3KTJ,109.98
IEEF6,56.83
DE0J2,212.66
B9ZMZ,314.76
DBACI,210.28
XCRHL,986.28
0X2SZ,498.55
BTPM8,96.25
NQRAS,272.38
72QJP,72.89
ROAFY,126.9
3WVUV,158.16
HGCFH,98.32
B602M,269.64452380952383
HREHC,376.625
YQP07,102.97
LRN7C,133.57
LIX1J,80.91
MRSTG,108.28
UFKOT,89.3817142857143
EGFNT,310.46
FGESF,74.66
RWNQU,107.67
TPMLZ,187.95
ZM1ZT,631.55
STCSW,121.06
YESNR,284.29
LIHRJ,57.89
RGNWK,53.753214285714286
NUHDE,100.02157575757579
JK3AK,59.03
QFZKX,81.99
56SCU,123.9
XB0SD,71.33
XAGFW,203.1
7UDKE,185.0
8TBZG,184.79979804345982
CBCGM,178.19666666666663
M4BWY,42.44
VNYPS,193.35741708291712
QFYMY,630.58
7BWFU,180.33347570260193
NVQOU,151.075
3JXKN,65.66
IXSLK,182.63285714285715
LADQF,232.1920634920635
1VJLC,733.3983333333334
LEU6T,217.68916666666664
346D3,228.31
9M5OT,128.1
L1QMR,58.2
RLLLP,159.15
FT5RP,92.23
UYDYK,224.89
4DYDE,178.95
FW3FJ,296.53
EVQ8S,145.07
LAQAA,97.85
TSCGY,163.93
LDWJC,96.74
RCBWF,160.75
3UNP2,147.96
MCLZN,143.4927272727273
7XLES,761.6983333333333
VGN59,294.85
ALRGW,123.87
9MN1I,62.79
AFUBS,119.41
7IGW2,256.04
LBTJL,92.28
BQ3EM,198.66
K3JSO,135.13
CIBTJ,63.46
OG8KD,42.9
D5AR7,317.42
1V5IH,121.67
TZ6U3,139.36
VTTYM,102.42
WSHF9,98.41
XYMHG,332.67404353287753
IKZKH,65.28
BKRF7,54.57
8FZRN,112.8
OETRD,151.42287606837607
W1RYY,54.18
PXBJ3,656.4
MNBS8,112.18
LHULN,319.62083333333334
BIHQL,128.56
2B2AN,302.28
NOSVU,234.28
VULN4,110.39
AOHVP,242.24
U9ZWK,86.63
X9JFD,123.27
RXUNA,245.61
R8ALY,172.63
IROEY,88.81
XKUBA,97.18
SMOUD,99.71
BYEXY,69.56
K2MLO,558.41
VQPXR,139.06
PHOD3,131.5
7XKQO,338.86
MSG3K,189.39
JAJRM,127.78
KBEUD,156.94666666666666
A5YUQ,262.31
JKD2L,127.65
ZYN40,187.4
XYGZM,213.16
LSBU0,102.25816666666665
YKLHU,122.87
X1MSF,220.93
KBDIO,104.98
8XTNC,405.19416666666655
HHGLY,321.9
UCW0E,121.88
ORBB5,77.4
ZCIQC,67.53399999999999
0FOQT,86.05
DXMAG,88.908245980038
4C25E,81.26666666666667
Y0QKN,223.42
QKY6M,176.4425
PKLDS,96.52
KE8MZ,110.8
XB6YZ,215.6762222222222
48JKQ,86.0767857142857
UWDAV,611.502
M8VUV,760.0283333333334
IISYT,203.07333333333335
KJ6PV,103.31
DB6TZ,170.05
MRRAR,663.960038961039
GCLNL,57.1
LUFNM,86.12654761904763
EVCCO,147.04
8P0VY,77.085
RPZTN,228.20362265512267
WFAY1,218.975
DC8DT,60.44
8FBTK,165.3973811188811
0B1HT,176.15
UAXWY,272.12
9KRB6,216.28
351RD,292.6
4R84P,71.5975
UJBUX,182.22
RJ1XY,123.045
6SL6G,144.24
RGNCU,103.8704761904762
FWYCT,288.13
MZG9T,144.26
QTAOE,121.04
ZKPPS,131.245
VBBXP,180.33347570260193
BIIVV,89.61851173385953
GWBN0,83.87702380952382
FDBWK,124.75
5NBQO,249.33
CV6SG,67.0
MRAKM,313.23
2NWNS,328.01
RTZ4T,215.75
XMKW7,196.04
VLML2,129.6
1NJJQ,169.11
IV8RZ,64.65
UMPIQ,494.71
TOTWA,67.23
WQNPV,69.84333333333333
NJH5Q,530.73
D7Z4K,208.0201111111111
3FQFN,202.35
7F8IG,229.92538571151073
OBYD0,186.63
TPA0F,218.53
IX9VE,125.01
HDTYU,164.64
0EKPM,71.11
AFEXL,312.5165
UYNLG,130.79
O2LEO,183.21666666666667
X8NWO,106.47
JUTPW,137.09
AMJET,392.67
IOUX4,283.04
J0ANK,256.82
BUEAX,224.92514285714282
PASOS,336.54
SKZ0A,134.43
NH8ZD,113.61
BYGJ9,172.32
QLCGP,93.65
BHD0A,77.33
6NKAD,336.5036666666667
YWXOO,266.7509761904762
WS9GQ,158.72
CKGIO,344.04
TXEHJ,185.23
VUCJY,141.15
GYCZP,680.75
XSU09,156.83
LXCD7,235.58
SXV1G,145.22
CX8NH,65.36
ZPSEJ,391.93066666666675
RJ1UP,76.953
O4I8H,108.03
UQS0I,99.02
JBYS3,127.19
FCX65,101.23
ZCPY4,154.65
AFFBJ,82.28
PMYH2,113.7
2AILD,144.71
IPMSL,160.23
6O5RE,153.45
O7CO7,155.7607142857143
EKANT,105.1151111111111
8RVNY,130.9
PHVQG,206.85
ACC9M,243.87
6E8BR,58.75
VHHUA,111.36
NFHLE,345.92
7J2LD,109.78
IVA48,295.0
XOPEF,331.6
RNV2S,307.91
E5TJK,64.58
TPKM5,57.64
F3SZ6,534.22
MRVRO,142.91
RIBHY,52.49
CPKRW,116.94
4CZ89,107.98
REHUU,145.40520335220336
USWLB,95.87
SGRGK,213.67
SJHLJ,90.09
ORKSE,126.89
IELBI,109.47
YXNPN,118.55333333333333
NQHDO,75.37
6ODCB,101.15
NRBGC,210.45
MKEDI,218.5475
YNLVS,320.79
VXVYY,296.25
PE6RM,156.33
HX4PX,160.61
JW2QI,475.19
9YEDR,79.13
VO3RW,146.86
MKHDT,136.07
ZXMKY,228.25
4DIRE,191.43
MUN6R,187.12238095238095
ZRGFA,145.47
17RRL,184.64235714285715
QXBEF,100.53666666666668
8HSZA,61.78
QJ9XG,54.99
MG067,81.41
U8KX8,158.12
SJL4O,148.63
NMPK3,94.34
S9D42,143.52
Q7TLS,131.93
7LBQN,137.88
TIEQE,143.4927272727273
SEUQA,63.38
D0QNG,155.2206103757354
TRMUG,237.53
NESEB,181.78
RDF9J,192.25
JEDWA,145.96
ANOPL,174.7266666666667
HKEJU,137.97
ZDET2,25.02
WXEZF,1168.53
4GWX8,334.18
IUCYT,394.2661111111111
V6NJN,258.5
4WNCG,81.51
XL8RA,57.57166666666666
ID5JD,155.7607142857143
7FOMB,70.25
Y80C3,279.62
1OJHQ,55.94666666666666
SCQXX,434.69
WPFZ1,241.37
WWPNV,270.26
UQPWB,83.56
IK0VW,127.93
ZLLUI,54.78
2TFBL,63.58
KXI8F,196.5
T4GUV,405.93
GTICH,148.39807142857143
1QCBY,133.40178571428572
FL7PG,185.0
YWPDJ,421.3
DK2IZ,178.27
F3NVO,104.13
BZOSK,247.86
ED9KK,233.48782056832061
CK2I3,135.56
GZGSA,65.58
IETXT,85.48
IHGZJ,130.32333333333332
SEVHJ,272.99
QWURW,246.61
QXK2W,1499.79
TCQEY,70.18833333333333
9DOZK,95.03166666666668
0VUD7,307.62
9OWGE,167.11
ZAINL,250.43
MLJOK,622.925
MTADW,253.85
9QDKH,355.94
O3IJS,196.09
ADB7Y,91.92
LWSEB,268.89
RLGFF,78.13
EY5EG,498.18
H2LJM,47.63980230880231
AUWXX,194.77633106780482
WNAWM,58.57
SH94T,113.76
MWD5I,193.35741708291712
GCQRD,71.27
XCDPY,567.44
7K6AH,143.97
0KSBM,122.89
6NOBC,69.85
BASDK,441.8
HSZNO,152.04
HMGUH,109.2
XJ1QG,195.05
FHHSD,318.02
XIRVH,489.9
QFMSO,206.68
YQTAG,173.6
QGHJW,430.13
8XRSU,246.25
KSYAT,128.06
U3Z9T,114.57
SJTPM,227.96
4NYSB,306.87666666666667
TW623,60.18492857142857
VDGX1,244.94
VZY9N,54.2
ZJCBA,769.56
CLFEI,62.51
R8JIH,56.74
F8SSV,343.84
Y0ZP7,398.65
7FYXV,43.98
OD7YZ,207.108
BULAE,183.87
90UFF,199.17
DPZCS,217.9925
BWQGC,193.98
XBFQK,410.915
SN4CN,57.31
XTFV6,270.69
UEPD9,9801.48
7C30U,76.178
A7SFC,87.95
UFZMM,205.89
T1N6X,85.75
0Z3K3,95.77428571428572
VZFRT,126.32
GDCAK,81.21
S94CI,297.45
FTORS,263.15
KGBF5,119.34
UUMBS,82.975
YDBFT,249.3
QID4V,507.54
MESC1,170.91
EWWVR,137.22
927Y3,161.74
LFGUB,238.09
Y0AUW,258.91333333333336
N0GSE,141.08
ZJIBC,194.99
9MUGK,82.36
NYI9J,82.46
IMSDL,56.57166666666667
TFYGP,175.01449134199123
OAVDG,57.53
TSWAX,170.45375
DXUGW,100.23261904761904
ZRD7R,415.7
16UYQ,90.91
FGHHK,191.90466666666663
CHCWA,43.73
3ZBXG,75.52
KVLYI,81.3
BJLUU,147.52
D2OKD,133.13
LKEZZ,130.63
AUBD9,318.79169047619047
4FMVU,104.77
9VJWG,55.73
J2UFJ,68.42516666666667
WFCA3,63.65
0MPUB,234.33
QBOLA,79.79
BO1MB,105.14
VDQKQ,237.97
HAHHA,344.19
6NM21,229.09
J1UAA,348.98
UEGAT,85.1
NS2OK,53.14
GUOIK,254.79
IEYPL,132.54
FMNQX,200.10641666666666
RPDOH,148.2
HWPZ5,143.89
AJ9BE,386.11
IOC7J,217.07
LIVFK,127.45
RO4GH,237.73784523809522
XCF2O,294.62
SIC5F,197.93
38UR3,202.65
WPTYI,138.18
C5YZX,139.77416666666667
8IWDY,217.84
XYR6S,223.26
YJGZS,50.01
WMEHR,56.82
6R4KZ,266.8
33CN8,73.25
AHEJ6,166.43
YIGPU,262.28
9AMNW,304.0
T4PYR,198.07
XNDLP,101.79
23OJU,1390.3
XRPCS,366.67
HU1B1,28.62
WTTUC,101.71
DSFYS,87.09
ILJT6,276.65
HM40M,97.01
X1MYH,287.4675
TUJE8,59.1
F52QJ,290.96
Y23Y1,154.32
2ANRR,171.26
RM8OI,132.15285714285713
Z8L3L,54.62
CTX0Z,994.2814285714286
DLMOY,130.12
SRRYH,296.83
BXAOW,121.16
NK6DA,100.59
Q2GUC,521.2
JBCMC,223.9633333333333
IJYZG,190.63
QCGPL,128.62
3KGPQ,48.82
QMR0I,61.407
TA24C,252.8414563492064
FUUNH,7815.243333333333
PLMQQ,181.3
TQM4T,140.17
DLCOH,112.42
7I0TK,145.34
EKQTF,203.51
EZYK5,308.62
7CFYF,77.15
WD9LK,82.76
YGT2J,107.86
AHRLK,82.15
Y5WB5,48.07
TKY50,147.7895
4BMSQ,313.87
KEKG1,51.26
0ORXE,230.15
7PAAB,213.83
RXN9H,204.9475
ORVWU,212.33666666666667
QGD39,839.755
QBU54,1339.8866666666668
A7LAW,77.23
ZNUEV,67.67
ASAYG,199.98
VCPIM,76.2
GJAPF,85.29
MHNNK,107.86
WAL9C,153.76
941KX,74.61
LJX6Y,92.41
WTR5G,154.01
HA0PA,96.13
KFSRI,171.8
ZNWPW,101.34
KY5MD,198.84
XNXCH,114.73
H0CEM,156.14332767232767
CWST2,422.55
GPIFH,190.82
SWGEI,77.6
UA7VK,329.27
WTG4M,72.67
KVNZA,145.43
R2I7Z,59.58
8VGSN,66.83
VGQRC,75.34416666666667
STVCB,183.45
HOU1Q,267.38
JGAGF,174.54
YGUSE,118.41
BWPH2,241.38
UCVSW,148.31
NIAB7,336.01
L3QX6,82.24
C9KN2,162.1278161340294
XX4NZ,48.63
D9XDP,234.15
GDRJZ,86.605
ZQMKH,80.85
HWPJS,769.43
XHTYG,164.62
ELQ5R,55.458
FQZBX,102.23
BEW0P,328.67
NWE64,462.0
JZMDF,263.79
UKQUU,488.29
6LINI,79.49416666666667
Q72J2,139.49
QD7RR,310.19
DDN0J,759.12
YEWKG,105.78
RSMAI,277.81333333333333
5KNYP,189.59
PCILY,118.36
KLTEZ,212.7
9GH1C,82.92145238095237
P88TW,134.09
PUKAO,163.1
AJXEO,80.09
IARRM,71.38
HAQQI,571.17
OQ26N,165.0
6JWHQ,140.01916666666665
YQ1BT,253.68333333333337
DQQFL,275.57
4Y7ZT,134.66
ASREZ,122.07
DLMW2,137.02
D4D8L,56.57166666666667
6WOPA,243.95
3HHAO,148.56
Y0X0I,65.50666666666667
CLULT,119.08
L64Y6,147.6
C4OH9,113.11
OIVWP,351.56
KSDG0,729.87
AUOKY,132.89
3BMCV,123.64
Z332W,77.79
LONF9,54.952000000000005
ZUMCU,121.2
AQTTI,53.46
8UFD3,148.75
0RHUY,74.79
23BZG,300.05
MJFE4,132.6
6DBI2,139.86
WGWJL,23.58
4GMDL,159.3
FWB8C,79.51
Y5LHU,66.86
ZUKP3,61.22
6BP5H,285.71
BQ3SG,151.07
OEJZF,84.26
C6VCL,99.15526320806818
VUNRR,84.06
9LXVR,365.29
BLEQW,88.24703508771931
COKYX,109.98
G71EU,422.79
FF86U,113.73
CMVSD,157.53
DXPYT,308.43
CRDSM,88.908245980038
CADX6,388.07
IXXPV,378.11
FCVSX,87.6983766233766
GDBLH,76.73666666666666
U6CO5,85.64
6YX2L,98.95966666666665
3PS5V,378.32
S0CSQ,64.02
5XXHH,120.27
TT8WE,56.8
L99BN,101.43
WC1VD,317.222
V5LRT,179.54
CJBE8,255.72
OEL4V,125.3
G1UID,247.64
DENHE,121.08428571428573
HZWQM,256.3676451244833
6RRJN,58.7975
M4NLF,67.71
OYRJC,416.23
DDI6K,73.72464285714287
FB5DY,95.02
JN5CM,65.2
XTHD7,350.52
1MLD4,131.3
TCG7M,342.77
YZAGR,222.42
CRHXR,137.11428571428573
BFDGX,142.51
Z3SKY,67.58
XHZUT,157.7
MWKPK,126.29847619047618
TAXZV,47.72
BUJHH,50.1
2EFUZ,324.57
CWPNI,99.35
DXGKF,266.49
M5XQG,79.45916666666668
B2ZPX,399.01
ZL4FA,65.89
ALX84,77.41741666666667
WTQDG,90.194
EFS2B,165.91
EYEBX,229.06000000000003
SDDKH,65.71
PE64C,145.14
Y5RZU,67.67
ZFIMD,214.25
SZHCX,150.84
SGFN6,78.85766666666667
TFCMS,70.9
DQ5GF,38.76
YWGKW,120.08
JFKXV,123.52
UZ9NT,69.8
MUJHK,111.03
VPRMH,73.17
QMX5J,376.26
LVVHO,535.95
INLDE,202.16
7XYYO,205.8
6DPPO,150.39
CNLXL,197.93166666666667
Y33OP,178.94
JO13P,61.61
ZTWB1,274.29
W3Y8L,141.35
VJDIV,223.94875
YSIK3,462.68
XG7NK,104.4979108946609
JMQP3,82.94
CXCVY,214.67
PDRHR,388.01
BE2Y4,87.12466666666666
FXWFI,104.28
7GBPX,88.15
YKLMT,311.0
DOI37,174.15
S6MF8,145.92
QTUFB,262.08
ZQ6XA,130.95
R458Z,293.93
3OUZL,475.94
AE3XR,295.0
QAOG9,305.0566666666667
YVXDJ,102.15
M2RSC,398.42
DXPAM,115.4
GBXAJ,58.04
WO5RT,158.27
FXPTT,131.0
5T4DG,125.72
MULNF,346.34
PBDBG,63.71
MUTAC,125.12
8AP2U,73.22
O4ILA,109.11
JP3D9,348.0
HW8VR,133.38757142857142
J1G1E,195.96
H8MFX,184.95
ORCMI,76.45
YLTIZ,246.9725
QOKWD,118.6
8MZY5,159.13
8IYYL,135.61
IJSFT,157.02
QX2RS,499.23
GBTUT,107.15
5CECO,237.48
OSMU1,68.69
STDPG,188.88
ME4AQ,211.67
REBBE,121.58
REARN,299.37
1LA3T,174.76511309523815
9VM8Z,61.25928571428571
EQIN7,434.12
YTQXX,55.12
F6LZK,98.98
Z4NEL,94.80583333333333
3VABY,48.56
MT6QI,97.44
ZESH8,74.26
AZZWH,126.76
S0WUO,173.23
CZOAL,273.04
TEKUG,186.27
VU8R2,124.52666666666669
8WCAV,108.82
5E1QW,75.82
RIM8V,169.68214285714285
CTYJ1,226.62666666666667
K4NSI,90.65
B1IAJ,58.11
2RKAA,93.11923809523809
GKOBC,64.39
KBK3S,267.15
ZSVMT,57.19
DLQHQ,443.52
MUJLZ,173.59607142857146
KYQCG,252.8414563492064
DWVER,315.95
EW6HE,46.42166666666666
APAGK,217.64
RSY9W,176.41
CL4G7,458.4
L2CMG,148.53
DQUSR,181.38
FADQA,263.07
C8PLE,131.94
LHXR6,60.37
LQOSG,53.2
3R9W7,585.425
FCOLC,135.2
1FHYA,90.82
66WJS,119.4
O7U4L,137.36
WLEDT,202.71
NUOBN,811.84
C9NDL,126.24
1PKI9,83.92
XEKIR,124.77489285714285
D3DFX,74.42
GOJXT,118.575
6YPIN,152.78857142857143
PHUA2,312.08
UKJCO,226.74
MPDTG,230.59
TFUCZ,208.6
YJAQV,194.74
NMPWD,125.0
BRLSN,311.41
9PUHD,124.42
YFPX1,827.17
VS3T3,214.87
NXWAD,90.44
HSWXD,190.34
AFAUS,281.49
U1R96,263.12
YHVXV,221.72
52EQV,521.56
KJ4CL,76.31
MKRHQ,116.78
OTQDE,468.44
DQCDT,142.09
ZOFTO,170.69
9MASB,310.12
HURIZ,77.78699999999999
YF0VF,251.38
F4CHK,317.0
LQB82,293.51
UO09O,105.04
7BRSD,92.47833333333332
D7SFO,303.0
4YGSS,154.73
E8C2I,371.88
VQA6K,146.52
RTFKV,112.78
ERGAQ,1372.84
LJWID,113.6
IQYB8,170.32
UKMVQ,107.95200000000001
XEXFT,158.05
VTDID,158.68
EBOHU,148.74
EWDOW,219.55
VNTID,155.56
UC48S,161.87
EWKOB,388.64
WEPHE,160.18
RMOIY,88.908245980038
ZZ11P,157.56
6JGGI,224.21
DCSV8,92.27
RJQJZ,60.19
YSTEQ,137.435
NVS83,100.53625
KIQMC,247.13
H82KV,156.5
1VAYZ,159.49
2ZZ6R,176.83
NVVVM,326.86
7APRS,231.65337012987015
4LWQW,348.21
BMOWK,82.13
4NUEM,127.47
3WPSW,223.71
0T6J7,245.19
65HFE,153.99833333333333
GZMLV,256.31
YHLLK,134.81
VXFJQ,149.63
JZJKR,86.56037405064788
CMTAC,107.62
P6CJF,162.31
VMDV0,62.93
NCBIC,98.23
GDNQO,138.35
7NL6T,81.61
ZSS4C,405.25
67YDB,116.59
ZX520,171.53
QZIUZ,197.53
KRBT2,68.03
M8K4E,68.88
BALQM,484.02
A30P4,227.03
XGM0R,125.44
3FXKQ,98.05
GUHSL,90.3
MS5PU,75.89
4SBSG,87.03
MLQJP,64.54
WNRL8,306.89
8VHCY,74.55
PYFIM,133.54
ZA3GX,202.80125
HFOZF,182.90200000000002
KS5HB,193.59
SDSEU,48.798583333333326
MVUG6,332.92
P0BYQ,82.8
5M2IH,284.01
0TWMO,342.04
21GUY,177.47
ADPBE,174.99291269841268
TJJVB,130.9777380952381
6JZIU,71.34
LIEVV,75.7
WAIBM,125.18
RTA7O,59.33
LOUT8,246.13
LR8HG,322.27
4URMM,170.14399999999998
ND38N,192.91366666666661
CI1WL,128.04
SOEJQ,239.24
VNS4N,164.66
8HBME,98.85
CODYG,1042.98
IZVQO,112.9
UJXPH,112.135
QEDCX,461.68
GZJ5M,361.23
7H4YM,668.04
OKPVI,110.82
E5FFO,129.48
LTOZ2,760.01
NK3ZS,52.11
K4W9T,107.36166666666666
BENNZ,1112.9539285714286
9KFQB,130.01
FQJAX,579.13
A8GOZ,79.86666666666667
MHC7W,166.19
C9YHD,196.95
5E4KO,288.25
9NI7T,166.43
GPBVP,174.76511309523815
VS0EH,97.1525
SCJAX,64.01761904761905
4GEGJ,96.45666666666666
ANAPQ,233.9875
8FEM1,819.82
EOKIX,65.27
VYCEL,238.75
PEOJW,66.44
KQSB3,108.18
AMUVG,80.02
7SPC0,67.06
4LSKN,178.32
SLSX3,142.58
QE9OZ,195.91
NQQPP,111.92
DUEEE,401.93
XP1YY,139.87
FOPNY,316.7811111111111
4XDEL,4396.77
BSQGD,184.64
BACVG,121.95
MWIRD,141.65
FJQAN,97.36
CYTWO,67.7
GIF14,99.16799999999999
FHUM2,87.58
DSSMV,139.89
CZZSZ,29.413999999999998
MTZZK,491.17
CDSN6,301.02
FAXMR,243.9466666666667
DHXTO,86.49666666666668
TO1WJ,175.14
ST7EH,63.44
SNQIJ,50.56
WIE1P,66.05
WN7Q0,138.11
I13X1,146.39
JTYGE,52.87
T99PG,278.6
0FGMA,132.57333333333335
X3MXK,625.79
ZQWZO,128.67
6ZSCE,73.37
T8QYY,137.42
PXVY7,125.75
OGZLP,376.87
YJBH8,132.1783333333333
IB1BB,227.48
ZE7HJ,327.59
STTVX,162.62
MUV8W,124.57375
PPT8H,84.49
K76TO,152.0
YP113,433.57
DBTGT,317.59
TV9XC,141.27
UMJGK,429.87
MZ0MG,89.85166666666667
LCSFD,27.03
N5C29,274.1066666666666
ZHJMF,290.2475714285714
GTFBZ,105.74
UXBIU,267.19
09NXE,29.548
PUV8L,115.53
WKSGO,103.72
I31OV,62.61
2QQWD,179.21617063492064
RVK2W,213.905
PIOXG,319.5
6JP9B,228.57664285714284
BDIBA,307.29
ZWKQD,130.53333333333333
DRGKW,243.18
IGYZG,141.1
I3I1Y,418.44
TZFJR,241.80666666666667
K4RTR,79.14
ZDIGV,293.8354563492063
A16O8,201.69
RWEVM,258.25
L2HDY,71.87
ROVJ0,443.58066666666673
9INVO,135.25
JPWQR,185.35476190476192
SWEJ1,74.66
RO16D,108.8
2MX6T,424.73
IKANB,122.32931818181818
BMK3R,152.6615
9FHA9,148.01344444444442
R6ZAW,124.36
ILCM5,293.86
ZBXFG,345.74666666666667
SHC1L,101.82
IV36J,1178.49
8H2UI,87.7
FEWIM,187.7
RBUKA,60.00333333333333
9IVF8,143.13
3FUBR,212.48
JFXYQ,83.51
IEJNV,177.24
EQSQN,146.05
EAICB,145.23
ACPWB,316.84
XL613,175.24
N0RO8,657.62
CQMCF,142.0
8MZSS,71.01
UCQPX,107.66
5ARKC,133.6
M7TKC,73.39
9MEJY,70.40333333333334
ULDE4,163.05
LC3SG,172.76
GPORH,116.16
NWYA5,332.81
3PNXU,295.59
DATZN,100.69
OHEBH,317.62
CISWD,476.71
NQ7L4,216.46
NEP3S,230.45
RXPPJ,106.54
ZYJQ1,192.07
ZMKMP,360.68
TF3EM,102.24
OTKG8,294.05
YXBPI,355.13
WSLHG,809.4058333333335
6ITLT,487.52
E6KGI,331.21
INI56,75.07
0ZPT5,103.33
7ZIQS,207.57
ZEU2T,84.75
AZKAX,156.54833333333332
XWLID,309.01
C2YNK,174.0
UQZNG,9999.0
A7KLS,89.61851173385953
GPZSY,1224.82
0PHTQ,68.1
H7ONL,122.93
KV1XN,233.34
NUA9W,156.75
P3HTI,130.2
XV7PA,71.24533333333333
OHEA2,69.62
EBFBU,335.2079047619048
IUEFD,605.89
KTKVI,368.5333333333333
IMNUJ,88.84
3ASLL,278.7
LQCXZ,67.0
OG359,319.51
JP3VB,209.09
W5XLZ,167.255
EMMVV,50.65
8T9OZ,156.22
FRV8X,68.32
ERLFB,121.53
ULH02,316.2
GI7PZ,220.465
CIKR2,127.8
DUX4B,95.68
QABRE,304.43
9Y2O8,99.15526320806818
XEGNT,330.58
U0YMO,239.18610561660563
2YMFX,82.9
QLHBE,102.91
NFJJA,110.5
QBXOM,90.73107225273867
MY6OJ,458.82
TL1DX,127.38
8M6QQ,164.33
SOOMM,123.91
E0Q89,89.33
DGSXS,315.47
U7NXE,230.99
0ONHG,103.9
GJRT3,112.4
SUFBT,365.17
9QUSP,118.8
IUQ2P,111.07
BAWHA,48.25
CVL9A,112.83
ZODRU,147.984
BGVNF,47.5
CVRIU,127.75
DSZU2,348.58
OSHHC,63.55
CMJXC,129.5082815795316
CETZO,266.71
1K3QF,28.469999999999995
4UXYC,64.64
BR0EZ,83.96
CLUDQ,576.67
4CVPS,57.56
K6JQ9,132.68
NY3D3,265.9125
ATZXI,153.91
84LA4,136.825
KFBQW,115.86
HPQF7,153.1092894882895
A5G1Y,55.83
IDJNA,317.02
WF4JE,249.4
VDU8S,165.34388111888111
NEGH0,88.81333333333332
XHUU1,71.08
WFJY0,72.2775
HMM7D,278.91
DITUQ,122.32931818181818
W10R1,117.37
ZFAZH,153.7
X6SHQ,132.55
SS24V,117.6075
P5KBC,280.73
QRWTE,88.908245980038
8AGJZ,189.3
S2AFN,246.935
8ISVN,156.47
DHPXP,156.42
19DXV,294.62
OOQLA,192.15358333333333
H4SRY,177.3948286019536
C1BWV,45.28
G1HJR,111.15616666666665
WRVCX,151.58428571428573
FKMJX,185.83
RR4A3,212.49
UFXKT,175.22799999999998
Y2TQQ,90.41
Y0FSG,485.36
09P9C,38.12
O3CS0,172.79
VUEUI,9999.0
Z9X0C,290.41
4GNCP,228.95
LUS1B,74.55
ZPTZD,313.86
LTPYX,452.80294444444445
19TCH,223.95
SRAEV,29.881999999999998
9D7VB,159.72666666666666
VAYJR,137.32
ENAMF,445.59
L7NIN,373.1086666666667
CN8TT,205.72
YGERV,140.33
LGWYV,202.30349042624042
LZ50K,322.46
ABQ6Y,54.361999999999995
BHEXT,410.21666666666664
VWGDP,54.28947619047618
G8SFJ,60.48
HQZYK,89.61851173385953
T29KD,93.86
OYUAX,282.39
LEDAG,63.33
EKHIF,94.57
JUZXU,365.51
ZJQAD,232.29
TXSRK,404.79
17CQU,12068.98
IK7M1,145.14
RF39H,261.53
KV7OL,57.47
KMURH,199.65
HCLSO,104.40428571428572
0GR8E,78.38
0KRQB,108.41
8I12K,151.00933333333333
QFMI3,162.68
1T4NZ,124.12
2F7TA,174.48
YFOAA,267.26
7M1V6,206.09
CZSFB,110.57
B7N8R,195.73
RBVAY,70.46666666666667
T7SDJ,74.54866666666666
D9EOI,124.22
7QRCA,194.77633106780482
BQNYZ,197.29
8VAPP,94.38
96OEI,205.56166666666667
DXTWN,274.74
CTFRD,73.8
H52W4,47.76
RS8SG,105.86
RFOY2,189.25
Q7QBP,328.33
OPPF6,12069.48
TATMD,67.22
TP6PK,57.020333333333326
8ED9B,102.38045454545454
PKQO2,132.73
5HTRC,133.84
LWHOA,282.6
L4VUC,89.61851173385953
TGKTV,174.32333333333332
DCH5F,87.33
ECCLE,89.24
SHXYT,1185.45
FB3FI,105.56666666666668
5VRDR,81.62
WARG4,204.6137373737374
TRSPA,102.39
CZBVZ,106.71
URDBM,307.12
GMKTN,68.26
F1MG1,166.94
UUBVF,100.58
Y9AYG,123.65
ANLKE,268.4
DLKS9,62.1675
BSFTL,416.54744444444447
WPLXX,376.41
K47XV,159.76
PVJMK,260.24
MRQIJ,226.94166666666663
AM0GH,98.3
Z20IN,445.54
UWCRB,590.37
STHT8,418.44
L8BOV,71.7
KYIBE,98.16
VKRIN,539.46
SS1QF,214.55
A0NVP,155.64
VQBEA,106.57333333333332
WXPP7,188.54
Z4IDS,145.46200000000002
NRANF,131.06
3YYGX,89.68
GBGWS,88.47357142857143
JZ66I,343.79
HXYNO,106.03
GB8FH,157.60238095238097
7LFCX,78.81666666666666
EDI1D,224.66260317460313
TMHLJ,352.25
LQBEG,181.92
0QM6V,213.82
50GFI,205.06
LC7U7,103.13
ITCXE,353.94
XWMZR,131.2
1UOSW,153.61
WJM2W,44.819750000000006
L6XGE,57.81
B0WSW,104.17
DLDBV,147.34
JEILQ,103.21
OTUJG,168.84
DQ06M,71.81
PMW7Z,85.24
77QGL,141.7
24K6L,176.05
KHEEW,95.0
OXBKG,141.01
SSNH4,95.16
PM77L,85.08
MGGZT,269.905
76LQL,465.70399999999995
W3UOR,89.06
RM15T,188.61
ZHWIB,155.94210245138424
DZWHG,201.2825
KGLVJ,119.35
TNKMW,320.33
ZRJNA,173.59285714285713
RNT4M,128.42
ACMVR,157.27100000000002
24MMM,82.4
S3BQG,422.85
RW8AQ,114.64
NCLC9,148.285
CQS3E,182.17
EYOIE,252.66
WPSWB,475.755
CO0JY,112.56
RLNZA,430.16
JR4XA,228.56
AOGBG,174.915
D9ZTS,409.25
PX7WH,234.90224999999995
ZESHU,118.86
56OBM,68.6
8JL4D,71.34
8DXZ3,209.725
9RNOG,133.53
N8RZD,74.69
GQQM1,640.85
DFPCE,244.61
92ZDA,40.86
2DLDY,171.05
9RVIJ,246.7
HDO6P,233.83
4B3CS,217.46
NFESL,133.11
NPBS8,121.18928571428573
4IGX9,224.27
2AM1S,146.28601803751803
AVCK5,372.24
FP6GU,179.02
OZMK6,132.86
7KBQG,110.21
OCLYM,71.32
DRNLV,152.94
1IB4B,203.79
PRUPE,67.71
R1W63,427.0058888888889
QCLL7,179.79
KNJS4,174.86
CVGS3,73.98
RNISI,149.82
YQITS,123.25
0HCHJ,240.2643889166389
3RIBT,75.16361904761906
ADKLO,228.29
8KPSJ,189.3106666666667
XD351,340.86
KXKNW,930.275
DAGYN,206.89
1ISCU,437.92
XNCAK,163.67
KDYA7,457.56666666666655
UPZJB,113.38
JTCBG,9900.8
VEZ05,302.47
PL694,138.83
9Z7TI,79.87
1JEYH,59.74
JAGZW,83.54
IPYXX,104.94
IKXTG,95.19
G5NMR,183.07
40JA7,124.43700000000001
JGWBA,429.5
JXKN9,279.8
2TPXM,282.34
SSWMX,288.52
FRSCT,87.87
5AMED,348.11
CVJGY,58.66
G4H62,83.78416666666668
FNIU9,124.65
WHAYR,147.77
KWCR9,509.64
4WL20,342.82
00QAV,131.08
CI5J6,103.54687301587302
QASXY,262.5
PUJAN,141.19
IQXZK,364.21
BK17U,176.2
CGCNC,212.12
YTIGD,184.05
FRJ2W,121.63333333333334
G9FLZ,65.24666666666667
PV0NR,144.96
JCIW6,215.6762222222222
8U2WP,139.77416666666667
NTYTP,189.04666666666668
25LOP,61.91
7CC6S,184.72666666666663
OPZQ6,315.47
SN21F,92.89
GTMNQ,361.6
JHRS7,132.89
WWNG5,206.794
5YEBO,152.30971933621936
9RUGW,129.72
KVTBV,28.89
WYLFI,203.15
NCRSZ,96.37504761904762
Q9RVP,100.54584523809527
EDTAX,235.96
4GKRF,140.22
8OVHY,109.13
CNFHK,339.0025
FPO7N,132.41
EXRDR,196.82
MZD88,126.47
CO0PU,130.57
N7E9T,87.9425
05NU0,125.67
EKPAL,185.49
7IR60,372.8
THXCF,368.09
OJNEY,66.27
4KAZS,184.93
LYBQQ,179.155
66IR3,132.79
4LPDY,155.32
0HDRV,99.15526320806818
B3DMW,74.15
ES073,121.78
ZUWGP,172.94
MZGZF,211.02
OPL1P,129.28
VYV2X,184.17
EFRZD,85.8
SRCL7,190.2
INV5E,105.35666666666665
2AVD9,253.36825000000005
BKGHF,126.79
XNFSI,74.77
QHBWG,196.01
MYYUQ,65.59
6DJ5W,76.51
ZPBE3,67.0
X7CSH,585.21
0R2BT,202.81385714285705
QKJRP,85.92
G6MJJ,314.98
BFJGU,132.32
ZVSNS,328.59
SXYCV,65.25
RKEGG,73.89
L0CXY,25.22
PGADH,127.83066666666666
OFTSE,53.68
CZLCW,597.39
UK2XT,110.58
WOCBF,62.66666666666666
CZLTV,179.21617063492064
KBUZ4,519.0
DARQF,63.27
DUTMT,104.86834126984128
4VQSR,241.52333333333337
VLWCG,338.66
8JBX8,45.01
MRCXF,184.48
T4GJZ,264.5496944583195
72R61,136.2329404761905
HPNKX,196.11
EOQYU,199.99967132867133
RHFES,53.33
ZBCQX,311.54
HWCJQ,196.94261904761905
YML9F,141.67
XIBXG,1106.519
UAS4T,318.06
ITRJX,278.12
TIZLV,153.15
M97YF,111.54
PJNFV,317.37833333333333
K5KE4,96.905
U3J3T,224.65
38OXH,327.01
O8IV5,104.03666666666666
P4VYC,159.34
ZFC9O,144.03272727272727
7QR1H,185.24
UXHFW,190.56
ZPF0O,135.92
K0NOA,275.505
YHJET,409.66
S2XRK,192.96200000000002
XJTW9,116.75
CHQWQ,551.47
XFS2N,283.22
KUXTO,200.96
CEZRS,65.12
YPOPR,202.30349042624042
KO3MN,65.26
JN364,46.09
KBNHU,633.14
7GP8L,66.86
YMBCW,217.9
EUAPM,328.465
4HKPO,89.38
BCAC8,150.61
T2WTJ,95.53
VTJAK,149.47
RBOQG,181.7
WGO4P,225.22
BBSGV,143.2
J70MG,280.01
L9VCF,86.3201775698131
4MXKL,139.36
MIZ6N,294.9875
POIUI,619.65
MI7BM,164.25
B0OFR,136.73
XN5TU,121.64
K6P5M,108.22
P6OYD,151.71
0JVRB,106.73
BSPUM,63.19
XVPJ4,99.15526320806818
YP8IS,199.02
GRGUR,132.435
FO4QO,99.15526320806818
XSYND,162.39
AX90K,173.56333333333333
ELXGV,173.51
IIOAU,274.3
OB8NK,113.75
WSKQT,363.05
SXT07,280.0246666666667
2TDXY,384.29
R7JXW,130.69
HLKRL,134.47
LFFOT,85.59
EFPAF,298.08
6MQKN,90.22
XEU23,126.24
LXTIL,74.3
3QKSG,181.35
OEGW9,124.95
EGW9G,156.855
3DA0R,182.57333333333335
IK6YK,418.9
B5THX,214.21
WDN19,348.54
ZFIOA,103.3
0MZJ3,483.74
9CY0B,187.01
FBDAK,129.35857142857142
QGVN6,216.38
TXOFB,155.32
TFRQI,238.4325
LKZIZ,147.81
KVE79,109.18
GGRSN,765.38
KLVTE,176.96
EYACW,221.33
7WK7N,184.02
ZA6MX,88.83
TMEAT,520.1358333333334
HQNHC,135.82
DEXZJ,76.92
NPR97,111.5
TPV6H,116.56
5Z09A,99.53
1E5RG,131.2
8VUJ1,208.02
XCYSO,96.6938214285714
JFAXI,85.59
PFHWF,60.87
SP4VS,254.3775
SIDDM,200.10641666666666
E7MWZ,290.72
29P7N,126.87
ME3J5,129.12
TCO9T,104.51
EI2KE,134.8
ZDVKH,950.9750909090909
YD2SE,122.34
TLPOS,151.0398452380952
BRCMM,115.55
XGBP9,152.7825
8KVTJ,89.92371428571428
2TK1F,74.74
V18Z3,85.2
FJ5XS,117.77761904761904
ZLG0L,153.15
KKQGQ,258.93
Z3JRE,76.54756349206349
C3BRL,181.59
U2EVM,83.62340476190475
CPYSX,40.93
CF9XS,110.66
7BLO9,538.38
QHULZ,211.78
DGSN4,76.07116666666667
JPMP4,52.82
HNKGO,92.59
COWQ2,688.28
7J36H,370.54
7UO77,68.16
NEGEJ,65.76
8GPLJ,79.15
U5WRS,97.22428571428573
ZPS9G,332.4
BJ4LM,165.78
IPVUW,139.58
PRQCG,292.8
UYZXS,62.35
NYMOU,75.86
JTFC3,63.34
RBMXC,84.52
V1DA9,90.84033333333333
ZNATO,163.07
NASSI,233.32333333333335
TVTAQ,164.47
3AWDQ,192.30519047619046
ORNUW,136.6
GNDCY,308.72
SBAJR,98.6964523809524
3JIHE,508.18
AFVGW,251.31
H183L,156.5
K5MBY,196.2663333333333
GYIND,157.47
OGERG,281.61
F9T5K,28.957666666666668
5R9UH,104.21625
R8MXA,146.35
ST9AV,176.78
MKWPF,153.86
H4BXX,198.2065
1PUAU,9819.0
B6OBS,644.14
MW7NY,235.4
BY0RQ,360.9
ABGQA,61.86276190476192
ADQHR,510.13
AGXMJ,124.085
WN9FP,260.79
XEXQR,317.2
IU9UE,143.04428571428573
OSTIH,78.46
QW8HL,105.4
OFSLU,497.925
OJDQP,176.42
QXYHB,80.01
JEGC7,83.23
A9XUE,84.32716666666667
QHDSS,118.62
0EBKD,176.38
42VUT,153.27
KGSXR,615.1
P0TYF,117.59
J09MW,51.82
MB9OX,497.69
MJIDN,109.32
PJWDC,247.69333333333333
GYQ1F,77.03333333333333
PIR6E,258.0
GMGDX,326.8
WMLEF,179.75
CL09L,89.56
LPVNL,134.73
BR7XR,69.52
SOLC3,137.78
NGFRN,67.05
M5SGP,119.65395238095238
LFEGP,311.76
C5147,199.05
D0TJY,103.16
GKRV5,295.45
COHU9,88.908245980038
TPXIG,166.43
QYY0J,261.37
HIA8A,76.8
OWCPM,63.812
APGZ1,443.15
MTZP6,212.86
U3KFA,166.65
CJOIB,361.87038095238097
MA3GY,88.54
TKFJ1,270.5
FJCVB,85.79666666666667
F3B4J,243.84333333333336
BGKXZ,140.36
ISRAI,136.56
IFOWH,28.73
FXCWH,53.45
Y2UQG,195.38
3PBZA,407.08
G0XNS,385.78
KXJ6I,175.69
233VW,93.60194805194806
PTFFP,142.39
B3DW2,247.88
QA3DQ,144.13
ALZB3,222.67017857142855
912IS,185.22
QLJ7Z,181.93666666666664
P47VF,207.294
RFFUF,144.11
ARIP4,140.33
JWZWF,181.9654259351759
D8DRT,42.97
FKHCS,131.2
EWTZH,88.83666666666667
PVVTQ,149.85
WB0KN,9814.281428571428
KN6DK,343.25
SKPVH,159.8
V4Z67,2459.73
26DJT,73.81
YZFQT,179.55
FECNR,95.01
E9QPR,197.05100000000002
MFS16,170.04
99BIF,100.83
FT2YO,82.355
MGDUS,81.85
TTQHB,768.46
G8WGQ,71.57
J0NGN,159.19
EUNPF,220.74
LOWND,445.68
VDPVH,145.08
9HTPG,460.36
3WTZ4,563.5
YOSRT,165.33
CFCO3,319.37
3JICW,158.79023809523812
BJZY3,67.0
PLVRK,298.52
7MZI2,147.8
8IEUY,127.22
3QGEC,137.23
YRFBV,55.56
TC65J,283.38
JICYQ,164.4
ATDRW,129.3
G5FOV,130.31
HUYOJ,193.09
FK1MG,189.07
FRHLP,78.48
PJDUG,58.48
HV88Z,80.985
JIESI,189.16333333333336
KRARF,89.61851173385953
V81WP,201.85
QG8XQ,120.67
5PGWF,120.82
ZCJEP,379.79
LVIVI,89.91883333333334
KOBQA,1967.14
HXMWL,60.34
SYE2Y,113.431
FBL3O,88.51
BBC1X,83.12
I5STB,324.59
1J6NJ,203.33
9D695,136.41
7P9H6,143.38984523809523
ECWOO,88.46
LIDAW,74.97
PXXE4,311.99333333333334
JMTFV,120.54
L7RZQ,58.71666666666666
MCTDD,342.07
HBRO1,56.05
A5UYG,190.62
LWNDT,314.26
UFYDN,151.83583333333334
MQ1SY,367.94
IACPN,385.0
VZYK0,130.5
HT7GT,117.5
Q6PWF,90.73107225273867
ZW26G,78.09
FABMD,271.75
RFAK0,175.0597619047619
9QPMT,159.54
YCIDN,143.6
2PUWW,171.41
SLXGO,175.04
V9JM2,570.19
DVLUX,71.23
IGV5F,132.84
LBS8P,179.12
J9JCC,146.77
KZSXI,121.89853535353535
D2UIP,76.53
TLHI4,112.76
YAUCA,147.84
ZLZFG,214.02
Y5E2Y,186.71
LDIHI,70.24833333333333
R5GRS,170.92
PSMXH,267.69
6EIGT,88.58
GBZLX,122.77
OP3BX,288.57
UJXJY,45.21166666666667
SAHD5,323.19
7Z1YH,140.05
YCJJS,206.91
DSIH5,70.67
9VBX4,146.02
JXODE,242.3125
GH4KO,80.32
OWCON,77.28
0YUFO,184.99
EPMXG,151.43
KOIXB,315.34
6KMPA,170.99266666666662
P2VYH,126.31
ACUV0,258.8
ZGGOD,72.36
2N8OG,91.46666666666668
ANPS1,167.47
IXZYW,44.24
NBWYA,222.18
ETLVE,622.63
07BF6,163.67666666666668
1DJBT,138.33
DJ2O9,185.858
M6SIW,171.75
I91VJ,377.2
ENPQU,137.19
OYIEQ,9999.0
GKTWZ,297.42
SK9RH,89.55
5RRYT,161.81
0KGFH,443.67
F9EJ9,173.18
6WQG2,326.89
3IGAM,165.97
Z3OSM,391.08
XOLC9,74.6485
GKXEJ,67.0
5YDAC,294.58
OJVRZ,157.0666666666667
JWORL,1937.37
T9WVD,148.07
NGEN4,191.67
HSIR8,48.38635714285714
L12YQ,88.32857142857144
YT6MD,68.67
3RQE3,156.399
QERWV,96.37504761904762
WI3OW,65.29
IEDMK,270.17
D0KKY,118.71
4EMJI,176.28
NW8YU,235.48
2FZZZ,72.72
GAEJI,129.77
VZV8I,132.79333333333335
JDRBD,124.63
NAX0E,57.50583333333334
W2MG8,134.46
VGGVX,274.37
8TJRR,94.42
NFVXI,219.34344444444446
JZE20,115.22
0DLOT,118.45
9F2LV,106.69666666666667
0VWEH,56.14
LVKFP,247.94
YVLT2,168.39333333333335
TJWHX,93.99
VDT71,242.23
LAF9R,151.67
BBUNM,117.27
D7DQA,124.3225
CKRBQ,278.55958333333336
YD9T5,161.91
SY1EV,231.75
TTCCG,78.34
52HSD,266.07
GO5SP,78.895
NVDDK,278.74
KJR8Q,152.77666666666667
NM9LC,54.45
MI4YD,244.03
IPJI2,140.67
JXYMO,227.72
MOWWK,605.795
W0VQK,143.75
WCICS,718.9
DHJVI,96.6938214285714
FNDKC,148.85
URKHC,356.47
FOGQG,235.2
WYS2J,220.6
HP2U7,568.6033333333334
KCKUH,64.57
VY5OE,54.82
WKLLP,77.67
GPEYJ,78.48
SK5NC,356.97
AXTJD,169.41
5YYX8,184.79979804345982
LQNMU,62.46
HEVU8,112.99
6QZ4V,65.17
ULZMZ,172.71
WJAG2,247.81
VTJDT,187.15
W21Z6,82.355
ARQFZ,151.64
O4JEY,557.62
R9CIU,211.14
G0FIL,91.39
SSMIH,314.8
MBVBZ,93.83
J1MHV,158.29
PGUJY,66.11
GVUA8,178.0
QMM0O,74.1075
ZP4N4,128.08
GUNMW,278.78
XUHES,75.12
FX7UV,199.28
K6YSG,260.24
NCKZG,204.02
9R1YX,137.52
ONQUO,147.29666666666665
BULOY,113.475
LNARF,143.6
1D6KH,308.68
3D9GZ,350.81
YLEOZ,61.655
TSA7G,85.475
U5USV,103.42
6RUEK,130.04
8XRYA,854.45
IE5Y7,70.09
RTXWR,129.04
SOQSV,98.66
QBUCA,283.98785978121475
5PBN6,134.91266666666664
GJSEV,370.62
UR2LM,232.17
WJJUN,252.2719230769231
ORJH9,96.68
9MSDF,148.64
F7NO1,546.94
WPGB0,79.899
9KWFE,965.94
4DXFS,184.95
WOUZY,70.84
PBWFK,131.91
EMDQR,124.535
5QRHD,134.12
QGLNO,89.01
OUNOP,208.6373088023088
R47XX,287.1
GI011,79.74
3QBO8,373.24
JKHNH,154.93
RWEY7,128.75
FBTOA,150.69
2CHO8,115.72
KFKO3,154.08
2IPPH,83.76
NCM0M,89.61851173385953
KRSJQ,28.95
V88OT,311.61
KNMHR,126.60333333333334
EYBBE,126.55
SSDKG,193.13
ULOC8,99.0
5T8EL,90.51266666666666
IPY1V,98.98833333333332
UQMX4,137.99
2J1RR,99.96
NZB0Q,93.36
D7QRS,61.49
KCWBL,79.85
VNBYZ,317.0
IRBZQ,402.93
UBERG,142.85
QEN92,523.25
CO3R2,168.12
SFD37,43.11
NOQSX,104.21
IO52J,249.45214285714286
H7LAU,297.71
DULVL,73.98866666666667
16NRO,188.73
VLZQN,89.31
FIWDL,76.52116666666667
PAIHB,298.08
ZEZE5,66.19
WBC5G,152.30971933621936
WPKBR,71.13
CMNEB,212.1
2O0XN,183.01
UN2SL,182.41
MF16E,230.94
OIYSG,110.83
Z06VT,68.41
JE5SD,491.51
QFURI,83.66
QZXCZ,73.47
T9BDI,209.16
6K4NL,212.9286666666667
PBG6V,208.28
KLDMJ,91.46
AGYAS,119.15
KCJJL,134.29
CRWPA,112.34
C8EFN,233.34
DDLJN,83.07
FDJAT,598.3653333333334
0SVZP,396.26
XXGDL,169.83
V9KOG,170.78
OBRBD,64.6
5X7CX,94.32333333333332
DJLCI,56.83
CAREZ,989.99
NRKUJ,205.41
M68NW,210.06
D0ZBX,111.66
THNUV,54.14
ZBFGY,110.18
JIO0P,67.60433333333333
CCPKE,71.3
EMBQW,189.18
8USQZ,216.0
XUPVN,207.19
PSREI,72.88
J7AVY,225.36
ATEAD,105.21
ZREC3,128.16
WATBB,104.79
BMJ6V,236.41
SLMJH,115.58
AAY03,67.0
ZRJKZ,50.51
H8BZ4,460.1925
OMOPD,175.75
MO3VW,129.45
3EBP1,156.6175
RUEWW,64.98166666666665
9MOB0,264.8
BSDRX,452.81
CK8NH,34.24
XUXKV,63.42
AMMMN,544.94
SGSNK,365.62
YN6NY,87.29
ROEAK,220.75
U0N7W,353.87
EAA9R,197.125
WQZLI,12069.56
PPS1V,451.49
E19AR,46.42
DSHAG,256.32
RSNAX,136.26
7PHXR,261.5833333333333
38SZE,48.55
GRHXK,133.96
ZWAXY,937.99
WAKDB,76.89690476190476
CSQN4,565.27
VX8M4,124.3225
0PGHT,118.87
A4NSH,56.52
1HNMS,134.88
BLOV9,180.83
IRLWL,234.14875
CDHKH,65.91
ICQDL,217.48
BRHZV,94.17
OCZOS,53.50166666666666
INLQF,141.27
B8XTW,649.99
WT306,68.76771428571428
8ESTV,105.14
DAGX8,249.71
NA905,57.73
ZKCFF,198.66
ZCELP,219.76
WNK3Y,28.471999999999998
HIPN4,109.85799999999999
LJOUC,252.8414563492064
NOFQV,62.301785714285714
XIG9H,234.85
DHATQ,181.9654259351759
RHTJK,29.9
XHARP,48.37
TT58U,90.06618197801338
4SRU8,224.92514285714282
MDCBD,89.76
UKFQ2,69.74
ZQQCH,135.05
C5ZHM,65.50666666666667
QEFH2,163.12
PTNOO,145.46211982461986
SGLUV,124.97428571428573
B93NL,424.8816666666667
TTNSY,180.17
FT6IJ,349.6875
FLUZE,118.35
H7AEX,142.73
FTI61,256.65
6OY9F,142.94
EJMJN,190.92
WPNU5,246.99
JHHO1,81.97
UNPSF,81.09
ZLAI3,79.21166666666667
KNN8T,77.4
GEOHE,58.27
VKYMW,203.25
S26JR,162.4
FENO8,148.45
CIADY,268.9934999999999
4QVVA,126.86
XPMAY,90.74761904761907
W8NLD,60.725
IAGW8,158.58
LQMYX,286.61355555555554
9MGOU,188.725
OKSHR,285.24
YEJFE,204.00069474969473
QFSTY,128.72
4T7OW,173.67
IFFVA,90.1
6S0BP,454.08
Q0IFY,161.155
UUNTE,167.88
VDBAU,474.02
9DZGH,104.43
FRYLE,271.41
FSKDP,41.1
LBNRE,440.25
C7ZLO,90.34
WITYC,112.27128571428571
EBGSO,187.46
DLEFX,454.41
VQKVJ,319.84
CCWBV,166.75
B6BGV,44.08
NTQVC,168.16
CFV8M,69.03
TEJGH,968.31
1CDSS,68.75266666666668
OIXKN,118.41
RAMJM,114.095
S5KEQ,103.17
0NJR8,239.01
S3NPE,175.01
YTKI6,295.38
DGOFQ,365.04
LTSCR,58.44
5IOFO,209.77
NO8IB,82.45
E87VF,87.73
QGNTP,137.66
ZT3VE,102.53
RI9AQ,226.7217976190476
JRPHO,151.185
WCNPC,370.0
X1NR4,135.48
PAHUZ,261.52
CDQCV,57.96
SV2U2,68.08
CWSIP,89.38
GKIEW,302.38
L0MTP,50.458523809523804
PO0FH,113.57
MLZVD,261.63
G19IT,621.79
P6GMF,279.92
QKYTZ,435.17
YHOXA,103.72
B0L2Q,108.0
XB2BQ,114.3
L10TN,240.87
XXUXD,151.85666666666665
FPGPA,71.515
T9SJF,89.5
7ILUE,248.41
MUDZF,130.29666666666668
3JSVW,54.95
UJOG7,220.22
KJQBJ,163.94
7UYZP,88.02285714285713
EDPMB,48.22
P6DNL,230.02
VQMBA,126.51
3JWCL,87.45
2J6JJ,112.14
ZIVKT,47.79
DDC3K,109.58
WTCRS,253.1
7MZKF,272.1457362637363
MF7WS,86.545
A1JO5,112.11
A2RNB,113.23
OIHMV,119.99
2MEHH,63.66333333333333
FC6OC,287.4675
QHYY5,154.31
DBQLH,82.25
5ELI9,151.83
ESHIS,416.82
BAXBD,510.55
CL6LO,107.29
NIVPJ,141.15
LQNBC,332.28
IX6TE,55.09
RHPVO,231.8945873015873
8ZBTE,783.05
UXDOQ,325.0498333333333
C3ETH,184.65
GQYJA,994.2814285714286
U1UU0,286.21
UQYZW,276.0600551948053
HJUXQ,124.88
G7QWQ,42.19
PSVF3,175.01449134199123
0PN6H,74.39
RAIXK,175.7375
9BCCH,297.91
IAIVL,80.81
UEDM3,97.94666666666667
U1NSM,413.85
BISIS,145.642
FMWVQ,156.16
O5BEL,86.75
X8PI4,85.81794871794871
HOHCZ,187.58
FGD2I,136.01
NYAX2,293.67
OO7YX,123.76833333333335
US08Y,134.44
FKRSO,396.39
OJYGT,385.48130952380944
MPYKG,105.16885714285714
KP31X,182.63
PBKMU,448.18
OH8PI,91.73761904761905
WHJZJ,421.67
DKJ9W,118.1
G077B,742.7616666666668
2RTGS,304.0
1IXWT,86.28
SRB1B,198.79
RIY9Y,168.24
0DTSB,151.78
RGKSM,174.83
MVUTP,199.99967132867133
H2NHA,92.04714285714286
ATZUV,481.91
MWRA2,101.76
UDGYQ,89.61851173385953
U8QRC,404.48
1S8EI,199.57
C47TE,202.96
CO0PC,200.6
OLT2H,192.33
ZHYLJ,109.9
KPYHO,141.51
BFW33,457.91
N5YGG,85.83
Q1WGP,161.94
W10PR,53.21285714285714
BTD46,1692.84
RQAMH,301.16
LLIPE,169.74
ZBIJA,134.85
WMZKB,157.9025
DPPFS,93.01299999999999
LWGN0,69.02
G27PO,151.645
COO61,1118.3383333333334
B6YBI,147.1
H67PS,155.79
N0NMS,219.17
YGSEZ,150.2
UDZND,248.72183222904548
PQIMX,171.53
53GKB,235.39
8ZV2U,143.46
LPAMV,163.11
DWIQX,409.17
M1ZA1,86.39933333333335
Y6YAT,636.76
YU6EG,262.34
R5ZIE,54.17
WTTXY,187.8175
NLCZI,97.28
GYKNE,174.08
DWGIQ,147.34
MSYHD,230.61207142857143
MPMTV,77.79
VWTTC,153.01
EYUXH,118.53
ENXKJ,581.56
UGPG3,405.64
YYT9P,157.66
S6TGH,69.86
E4L6H,150.52
AZGIM,611.502
XE00X,191.18
XMVDQ,79.62
8XG0Q,128.14
DHWRY,117.42433333333334
LOQB1,295.82
2DSDT,423.741
VLOEM,172.45
ZIB30,81.91
YQOAH,61.45
EDZIZ,74.21
MZPYX,167.34
L6UNG,9900.01
NX4XL,145.64
Y9T4I,151.43
XUUZS,219.48695238095235
EWCRP,158.39
ESWSD,291.06
LVPS7,291.37
ZHEUM,148.95
JCJ5L,218.22333333333333
J1GII,224.0275
3G80I,161.49
IKIO8,114.45
CNQI1,280.68
YOSQT,109.54
CAQHA,127.56
LBVIK,108.15
4YJ8G,402.75
3VEB1,246.52
3LCOO,51.24
VIFBH,159.21666666666667
IUYEH,83.805
NZPEO,318.07
EDIZG,177.63308730158727
VLVFX,295.74
HKJRQ,160.61
WI2AQ,148.18
G01MP,71.98333333333333
JSHAR,369.15
4GPWF,71.39
O9UDT,354.44177777777776
YHQ4A,209.17
TBBXA,260.07166666666666
P6YG6,207.92375
USOHD,191.44
T6MMA,235.62
KNZRY,81.08
LKCRE,103.24
79HHE,259.96
YJGWU,340.1
JPAH3,154.03
QSREQ,120.69
BHJEY,101.44
M7W8C,98.32
IYFCT,78.4
JLM4S,82.1
47ZG7,327.67
HGT2M,179.17
BIOAS,418.56125
VEXLO,129.05
ETO2H,135.85
79TMD,140.99
BZKSP,168.88
9UEFQ,201.33
BVL5E,125.02
RE91U,137.96
GRAEK,307.35
WTVCV,188.25
Y9RDB,520.57
AKJNL,70.49
6WYMR,119.97
KLAQN,209.85
MQKF8,178.94498032523035
I5DPZ,415.84
3IS2K,445.49
XUGPX,332.945
7AT9S,179.21617063492064
CXDMJ,213.49
4LXI8,639.23
LYGEE,110.7
OQLUH,92.9
XPWEE,174.17
OOCMF,692.1
QNCNV,1013.63
FAF64,254.76
HP2TI,75.73
DXOGY,197.98
6TBKA,47.80333333333334
Z8MNN,191.15
DWSLX,443.99
JCANA,168.13
1BFK3,172.79
U5PRH,164.31
NUYAO,405.51
WFMV4,116.22
W3TYU,255.95
3QQK0,264.12
H9AMI,119.22
PDIHT,56.24
UQ2LP,181.14
VGM8N,246.67
FJWLF,113.25
MTYYR,861.34
DKHKV,73.28
EKYNB,157.65
OSIID,154.22640476190477
MFFPF,126.1
CNOWF,125.81
TNHFX,77.93
TM9FJ,587.3
TZQKM,121.61
0KLRM,190.86
PTLYK,92.27
WZ1GG,105.95
URKPL,665.75
ONM3S,139.55160714285714
RTDJR,118.33436904761903
L9278,129.4350681818182
8VFK2,187.86
U9ANJ,165.14555555555555
0ZRQS,314.74
M9PLO,637.14
SSSDW,736.03
TXHTQ,168.39333333333335
OHHLP,265.23
OUPQX,135.88
P0MZZ,195.9
U4LIU,94.69
QEI35,730.26
S9FUV,816.89
7XG1D,69.07
XGIOS,203.91
VYBLK,293.3
DO3FA,124.53
7KVRR,210.88
NV2RG,121.08
MOVSH,129.11
CX6KR,90.08
NDMMB,146.93916666666667
LIOO2,142.65
BJL17,78.47833333333332
DF5CG,108.06
UVCIT,250.25
VBJG7,206.15166666666667
CN623,63.55
JBI7Z,163.63
DJI0R,67.9
L81PW,140.98
RLZAU,226.83
KSLNS,104.71
USPXG,527.05
WUUNT,123.69
TTKRN,305.93
13EVW,179.62
LA3FR,94.80583333333333
L9OKI,346.2
TAZ1G,174.76511309523815
HG61O,81.91
KFSGA,169.97
MRPYN,150.08
WYT3Q,293.37
ASCHS,136.8
MRGD3,51.98
8FJNV,44.28
MAZHK,163.5
FRVJN,204.13
JMWM1,303.415
DYT8Z,162.33
IUV0E,149.82
16M7K,135.5
DNH8F,439.45
AESAX,726.97
ECBRR,213.3
M363Z,64.29
TLORP,122.65
JC3BP,561.96
KKYCR,213.25
6VM8Y,58.7
IRPYY,83.51011904761904
FWSZO,156.95
PRG4T,111.27
QCTXC,170.92
R6UZR,332.89
MUMFB,97.18
HZO1S,134.65
U1ATH,154.11
2UNWG,203.67
6XT7Y,52.88
UBKVV,75.32
YCBVJ,256.3676451244833
6RBEP,186.465
V7ZDG,178.94498032523035
8RZS4,90.3
8HTWR,135.42
75RQR,163.35666666666665
FG2SY,204.6137373737374
T4LOJ,226.47
RPQ3P,106.90666666666667
QLQTV,115.73
YYURS,226.16
UOSKK,113.635
03XLY,238.4
ZRKGH,270.39
SVTMT,315.17
EZW1G,158.48055555555555
5DEQ4,142.17
SRJ7R,202.49583333333337
X4WQB,56.6
8CN6I,237.2311111111111
5KEEM,273.95
PYDWU,90.74333333333333
YMF1B,113.64066666666666
2BXLH,126.47
TQPYI,101.68
NQZD3,25.06
WCIYV,72.48
NAXYZ,70.19
YLA2K,191.36
SFRRB,72.23
OIEKU,1416.36
LNG4R,226.7217976190476
CDJBY,206.13
SLJ9Q,321.21
BOSHP,161.11
SV0TE,137.93
CL82L,318.24
QHNKU,93.88
DTFYQ,13601.084333333336
17ECQ,53.34
BN84R,108.29
9VBJC,99.08
6DTBA,97.33
KGOWV,63.885
TGGPA,612.85
S4ZNI,9800.81
HJOMA,370.29
OA2CA,164.01
DOHVJ,931.7
1VNB5,205.64
SCJZG,430.02
HEESX,100.81
KC6OP,326.12
FP8M3,125.63
L3PVI,71.55
ZBSBQ,104.88
KMXMZ,339.4
XCFHZ,348.31
2A8MF,119.05
7TNK5,253.36
ALKHI,371.02
MEI6X,420.42
2SZO8,52.49
CLABF,110.1927619047619
DNQYB,204.18083333333337
ZXTAU,233.2133333333333
1G5UF,67.0
FGONO,103.42
GJSG2,96.51833333333335
GJQAJ,109.72666666666667
1G0XC,135.62
CU00I,344.2
WY0OY,201.69020634920633
GBS5V,25.06
FFZF5,287.83
MWF5N,85.5
Q7RGV,103.97
SWHWA,135.99
RS8JU,81.855
9AT8R,291.1
DRTJY,347.47
EX1Q1,124.07
J9WCW,200.93014285714287
OBEQ7,136.02
L70SS,81.47
UPNUY,108.91
TSW97,178.19
TZH5U,160.75
IWRKQ,143.67
XW1HE,176.72333333333336
GQCBB,114.75
JQNKM,495.75
OMJVE,195.84
DHDBK,301.34
5LNBB,95.29
X3DSC,303.196
49AK0,438.56
YEBFS,150.73
GHPAR,185.31
BSGDZ,281.39
2UNDP,145.40520335220336
LG0PP,143.21
IWXR1,145.25
YKECO,313.81
QFFBE,92.27
T8FLU,69.63
DGKEO,252.8414563492064
GVINP,99.06
SQJBG,166.33
DCT3G,84.985
XWUKI,174.44
OOYNJ,120.59
ZXB81,178.955
3QF4K,159.10166666666666
O5ZI0,277.24
ZPGK3,84.38952380952382
IAFAV,69.04
UQBRU,61.79
KN1F6,179.21617063492064
P834E,430.72
BNOIQ,377.76
WSECX,80.45
U17BE,474.47
SNOQM,205.72
DKB8D,147.08
OQNJH,331.05
8HVMI,137.26
TNJ0N,202.56
R9V5Y,241.24033333333333
P00D7,54.18
TNANC,62.14
LKQD8,250.56
ICEM5,354.69
8CCJ2,246.76
5QFDK,116.42
ZHJYO,909.275
IITER,168.0
ORCHY,400.19
NAB3M,283.59579254079256
7YTCE,338.8927142857143
FXGFN,79.79
1QHNV,111.79
GJ7P6,223.6125
VYPPQ,223.82
H2TE5,142.39
LG4EL,353.9
NNHG5,141.672
3LVDU,591.3
DD0SU,113.73
2TTW1,60.25
HHFEF,292.51666666666665
DEHNE,172.6
FH7FM,155.39133333333334
XSOBV,136.72
OR7HE,159.3997619047619
T6WXY,57.86
YVDXI,256.33
GIRKH,415.56
6NOPH,136.58
GWHAT,302.96
RKXLP,95.26
0XS5Z,102.71
LYGRI,804.89
FRBLD,326.93
1APCB,91.99
HR5GG,125.78
DZU2M,132.47
TFMHA,99.63
BPSDA,273.43
CX8SO,169.30542460317463
P6CFA,134.03
WBDAN,194.0
NLV5N,147.16
S4OIN,391.87
TOVO4,139.2
C8DPP,613.15
F2DGM,117.76
7CLMM,142.38
8SDXY,111.115
P4TW1,139.6
2ZZCX,176.2125
QV8N4,66.58
8BBYY,182.61042857142857
0WIFU,101.33
T74ZQ,238.67
KYCRJ,116.04
NHWXC,102.11
LL5BE,106.79
GQHIP,199.39
AEN5M,58.47
XCJBS,496.24
HDAKN,293.26
RLSOB,156.2
ZEAOA,132.43
0LBZR,53.94
A3BNL,178.84666666666664
4FICA,208.67
WG2GT,139.045
LDX7M,194.925
D32EL,503.21
LYNFG,134.34
E6DQM,165.85666666666668
UHYSG,286.95
RDZDY,32.15
TPFVY,61.9
YDS0C,153.41
WDKHO,97.24
DVV6R,97.49
KWGIK,277.9
JZHWP,156.77
A1Z5M,65.515
FPPZM,126.52
SYDBE,78.48
QM1AI,206.84833333333336
TKPYI,28.572
TJ02Y,110.69
BTEBW,142.74
S9DAR,29.97
ASUTJ,387.93
NQJTR,61.49
TITRC,141.3
IHQKI,47.24
6KNVP,466.15
WE9D5,239.18610561660563
XCKFB,95.63
JBS6C,146.3
JODQX,750.02
QI7N1,123.91
PFZSZ,235.5
XSJVP,72.34
YHHD0,134.54
AXPFY,243.94
XCCCU,129.4350681818182
J2OBR,196.2475
KSZ3T,125.46
E5H5K,164.15
92BM8,244.23
9JPOA,182.38
N3UUU,186.0625
HM2WG,144.76
7AOKX,251.12
LMV9O,192.14
LIA40,296.54
JU9OV,182.38299999999998
ZUNTC,74.16
RIKRN,430.72
OW2CZ,271.87
O24SW,238.0
RWJBU,763.4
YBFLP,923.39
OYJ6I,72.8725
5KLD1,586.53
CUY1P,197.85
7S9QR,92.64
BSAYA,255.49
CHWXZ,195.47
FMNUG,145.56089285714287
F2RV6,731.01
HKZRM,172.76
SEEGD,139.82
0CFWK,968.31
BZ1NA,103.7
6VBU9,421.3
CWJPD,57.82
1QCVJ,143.47
E28LE,75.4475
3RDZH,58.79
NK4FH,238.41
9M6MU,827.24
KICVV,66.00854761904763
XIFBA,163.27
GDSU4,93.19
QM4DQ,91.86
HNQGD,128.73
SJMBB,119.93
SQ3HQ,184.89
M60XW,94.69
IPAKA,114.54
ZCY9S,264.3411904761905
WIGY8,131.21
OACS9,177.72
ZIAXB,122.21
3GXNP,305.4
JGWF9,140.72
Y3BB5,168.22
L6NP5,79.76
GIKE8,310.235
E5QIN,1024.52
QLJO3,148.13
N5ZVX,185.89
BBJ42,45.45
JFNU8,271.18
FJFVU,147.06
UPN9U,69.98666666666666
VHNZJ,195.82
VUEHM,135.44
AKUJL,267.97133333333335
ZLNYH,81.02797619047618
PXGFM,156.64
XNIRJ,78.08066666666667
EYH1E,48.85
3QVJN,137.39
4DIXZ,363.08
AWJVJ,223.8
DDIGZ,150.22
PAIDZ,78.585
BYOMZ,351.36
TTVKD,122.38
MMH7F,312.81
Y5GXX,824.65
G2WWJ,182.46
JZYGN,166.1
PLFVI,163.55
1ZXYX,216.32
3UVWT,190.63
U2RL4,143.98
6KGUA,68.47
MURVZ,158.98
ZXMFU,55.72
ZBWY8,78.87
H8VJX,420.08
A6YKU,82.535
TS8HL,127.8525
MWLI3,77.53
UQZBP,278.5
MFZFO,302.89
DUSLL,543.0336666666667
H4M0T,81.50250000000001
ISVZE,194.77786904761902
SJPWJ,12077.05
YUV8L,62.8
OWUXW,278.5725342990343
FIUEK,156.96
DNJTH,115.52
4ZWK9,659.33
2JRXF,623.79
5SQSE,76.97133333333333
JDSM7,194.77633106780482
GJXVZ,113.99
NA3W2,256.53
OHRT7,115.92
LXTLW,224.92514285714282
EJJ9P,65.21
EZ8CW,510.505
3LA0G,166.81333333333336
VEIX1,187.62
ZOBLS,220.35
EHA1B,213.98400000000004
XTFB8,350.58
IBMKO,144.5
9U6CN,168.54
WEDZH,72.68152380952381
BBM2A,102.82
B7UCV,68.86166666666666
DHMBS,161.69
AFHSD,166.9
SPZYY,148.83
HWC8P,140.93
KFXXI,134.56
BMVRT,381.72
0KWG5,170.57
TCQQJ,348.0
4BQSN,48.84
XKZSV,139.49
GTGXW,67.99
SAYLL,347.44
4XW4W,140.28
WQG30,82.36
U78AP,1164.38
NEBDU,157.63
QUGLU,122.0
QABF5,96.78
WQDGV,101.51
TJJC2,183.36
3UNIF,63.74
WGTBS,150.02
FITXQ,142.93
WGAUX,71.17
QFDT6,162.52
FHFBH,87.13933333333333
KYCJU,258.0
Y1VGE,83.4752380952381
MSCPS,211.93
FBGWI,65.32
SS6JK,148.73
DKJ7S,457.14
SFLOM,203.71
EYN4Y,197.01333333333335
NDEIH,246.0366666666667
6KLCT,223.88
PEJVH,111.94
GSKAQ,346.71
VPCQG,163.73
DHMJV,148.82
WM9K2,285.3
OBWOA,121.19
KDPLM,228.58266666666665
HBCXZ,126.5
IPJYX,388.64207692307684
VCCBS,62.92
NZ1XE,146.68
4YRKG,277.43
HFW1G,50.6
FTH5Z,239.35666666666665
IOSNQ,385.32
OWCBK,963.17
UYZRE,122.99333333333333
KYL4I,111.06
JGPOY,214.8393888888889
J4TB4,127.66
MHQMN,856.705
ZSRZ1,199.99967132867133
O5SBW,125.4
TAV4H,26.66
TA0XC,88.908245980038
0JD76,249.01
IE3JJ,123.08
ZBLXA,122.31
PR7OF,137.85
3ASRR,84.0
F2T2H,63.05333333333334
XGSK1,119.58
UK4BK,79.60885714285715
VWMNF,103.57
JCVUT,280.55
KPNEB,361.87038095238097
GRJSX,274.39
9WSDG,194.77633106780482
GLBFD,209.045
2TBZ6,138.58
5OSHK,163.33
PIA0T,170.84
Q4LRW,137.32
DZG1V,192.31
VB03B,73.08
3AEMO,155.71
TPM93,315.47
5BPB9,137.36
JJFIJ,99.93
IVDBY,99.32
JNKV9,89.61851173385953
KXOIT,75.29
FUHZP,145.02
KENFU,182.68
2BTHS,94.1225
8JART,184.39
CKXAI,313.39
ETZRT,77.38
PHYDG,206.85
DTVLR,438.01
DZTNJ,652.9086904761905
YAAKV,91.63
E5YTN,72.87233333333333
D9SZZ,390.87
K3DJC,70.56
UDOZT,113.6075
AY4QQ,131.77
LABJO,161.78
KUYCS,130.68
JAMP0,133.38757142857142
ANZ6V,130.15
PCR5T,224.07979329004328
MOB4V,88.908245980038
KMNGD,64.66
YE4DT,203.08
H3SDN,107.36
UP1SJ,134.36
EP4PN,65.79
XV8YT,45.09
992JS,158.64
HS5LK,123.92
ORJSC,214.63
QKXTI,606.9029999999999
6K8EL,216.21
KWHAK,94.1725
3XTE1,187.87
TQWNW,114.71
FOYIY,345.53
IBELG,60.74
H0S6Y,98.41
OAQ2I,399.6
HRUNP,165.44
IF2XM,246.84
EHS8N,248.6125
L9CFI,72.31
INOFZ,157.88
CRO6J,531.85
L03VT,166.62
WQ8SG,219.12
CNQQH,65.72749999999999
BIAUH,152.3
USRZ5,137.4125
05R3O,215.93
GMO3G,220.58
XVJ3E,424.82
8DNSQ,186.35
Y9G5O,343.0
WJMJ2,284.65
C6UZB,139.85
UZIZD,96.33
DZIMB,96.49666666666668
W1OKJ,101.89
XPPOH,72.22
M1HES,65.52
2X7MV,436.82
10QRI,365.25
O7FC0,79.92
3BN6Z,229.17416666666668
U3HJM,112.4
8GWDN,123.92
AOAFW,266.2
3XRWT,131.86700000000002
9MUKF,234.34
ZDNIX,430.76
FF3EV,121.8
0TGHA,287.2318506493506
ERWVE,134.99
B22LY,142.99
GLEAG,202.30349042624042
2NIWN,153.9275
7Y8OI,171.45
NBB9S,513.35
TOMMR,149.21
FEMFI,151.53
UZC79,43.71
RICBD,174.13333333333335
PK59G,566.42
ONMNN,54.93
8MLWZ,99.58
49AHK,223.55
PUUFY,163.78
APXIX,230.04
5HI0D,73.88
EQJPG,465.2
REXPA,70.57
2H9JE,159.72
EWYGO,173.2
8YPI3,68.08
EOU9P,110.72047619047618
IIMWC,270.54
CF68C,141.85
EED4E,73.01
G4W9W,122.14
FWPDR,264.259
VMKRS,268.9
N9X3W,130.55142857142857
GFVBV,121.42
YF2ZN,103.93857142857144
4A8LY,387.46
FA2SW,291.33333333333337
UQILM,79.71
JIDL1,1375.53
IXPNX,509.02
AXLBJ,164.78
0BDFJ,141.26
KSD1P,109.8
PBP4U,77.72666666666667
WDPH2,139.91
TCNTK,173.8
4C27V,152.51
OHJIU,173.51
MF59M,264.98
XZOFF,100.32
TTKIG,229.60777777777778
Y4TKS,145.22
FHUNN,90.06618197801338
XN6YW,1197.02
QE7QN,189.72
IVMLE,82.98
ALBBC,214.8393888888889
RXMKZ,161.3
M3SAK,138.50166666666667
CZ53R,255.76
VG80P,116.62
9W0RI,112.53666666666668
Y0ZMH,146.88
DUCVD,103.72273809523809
ZJKA8,262.51533333333333
WKYTL,104.87
TZRF3,448.02
YKBNF,120.78
EWFWP,409.77
OA7G1,159.85
UAZDF,40.31238095238094
OWYMH,206.38
GTDRN,260.5775
MRQZ2,165.96
EVSLR,195.77
8NFVE,228.40333333333336
J0LQY,131.23
VQLJ4,508.71
YXRHU,128.41
DBTRB,153.24
RJHZT,416.93
9IIOB,274.33
IG9XZ,559.38
ANGGG,145.59
EOXBY,298.62
DRM1V,117.12
E5Y22,86.68
FEMLU,120.05928571428572
NFVRH,101.91
EN7HE,61.97
LOKPQ,44.36
OIRP2,831.23
LJFZ3,86.05166666666666
SMCIF,228.57664285714284
WBUYA,330.6533333333333
WKKLD,66.88
JVFHE,89.7
VEO44,226.09
OXHKI,88.1
ABL26,113.13
EDCYI,81.46
V5VWW,123.94
AVS31,78.46657142857141
B83AD,117.39
3TC6S,140.33
IT7UE,73.3
JIIRE,698.6169444444444
QLQPM,135.06
L3TEE,177.06
H0AMM,9999.0
W3XPU,187.65
CFGNI,1802.09
UB3T4,112.19
YNFBE,166.58
QP3HR,54.72
IGAWF,192.49
AZFDS,361.40833333333336
Y24GZ,627.0
4RPRC,129.94
JX6ZZ,1484.395
DGAIU,141.08
OGR6S,65.66
4UTGN,191.87466666666663
BLHRL,144.23
RIZXN,251.86
P4FMG,71.1
F3Z8M,234.71
MJI7X,120.79426984126985
6K0AV,98.18
ZX5FJ,380.06
X3EFI,42.44
LARVC,89.28
B8MKD,170.97
M4UAC,241.29
PBBXJ,62.01
XP1CH,156.99
FTXQZ,99.09
A7HBB,316.82
2Z2OE,96.37504761904762
S8AYB,121.65333333333334
RLJOC,282.225
BNWNB,169.46
CWGBW,181.9654259351759
RGVHN,154.32
BWI3S,121.12555555555555
8FTKE,223.92
40MK3,245.82
SMIEH,130.8
8SVNC,181.63
B3JSG,132.79666666666665
L8JCW,361.87038095238097
TS07C,67.07
9QLRE,277.14
AFK96,172.97547619047617
VJ09H,291.34
SIIUH,170.515
HH6BJ,131.49
SBRGX,84.33
GFYYL,119.71
LQXGA,148.39807142857143
KOHIZ,256.3676451244833
WTXR5,115.27
ZBZIZ,60.38171428571429
RN5VC,194.77633106780482
5C163,88.26
WSD3I,372.6
6QOQQ,347.09
NDNEM,91.52
7AXHH,122.53
5QL4L,381.4145833333334
U2RV0,207.39
AD7F0,351.38
NQRKY,161.98
FBMTQ,51.88
4I0IU,415.71
6YPP4,385.48130952380944
X5KWT,429.34
ZFHJ4,639.865
A2LKT,75.63
AXSJT,312.8
BOEX9,105.18
HRL31,167.88
SSROY,103.24
VHVK1,276.59
RXIKP,113.53
4LVRG,240.59
EKI6D,83.58
CLFDZ,396.53
0DX54,59.33
PYUFG,148.68
FONVW,178.09
GV1UU,137.6982815795316
HQQEG,133.23
NBAYM,105.22
ZLMXV,116.26
FT9PY,391.76
DBDCG,99.04
MTP5Y,109.05
PRXXY,107.48
SXVOB,74.91
4NLVF,800.38
2RDHV,197.56
W6SXV,302.54
F9Q05,74.61
2CGPY,180.33347570260193
Q5PT1,112.28
P6UZV,72.97
UEKB7,560.87
BBKHR,327.47
SWMTE,75.2
SGUYW,227.67
1AHXL,137.78
J8JCO,76.89
JACFS,152.54
0PYHX,139.57
MTP3K,168.65
VASUN,204.00069474969473
NZ9O6,61.97
Q0HGX,57.21
BDYCV,233.91
UPFKE,93.6
WHV4H,224.92514285714282
Z5JT6,93.32
9EVJY,76.07116666666667
R52RV,122.11
I8NZ5,475.71
M3OL1,102.36
J4LEZ,190.36
ZQH6E,92.17
EBAUK,470.01
EDXHT,79.40666666666667
GXMHT,165.67
RBSB9,95.54
Y6UIS,286.81
DHSQI,50.0
A17UG,65.88
Q2JXE,43.62
SGFWL,55.67
5IOPS,184.07
GT0EO,83.91
Y7RH7,47.45
HLDF3,133.13333333333333
BXQKG,180.35
5O3YA,49.365249999999996
4IGJY,95.73
V6VMS,74.74
IK2OE,132.29
5768W,382.14
ORYCC,461.0
L1C2A,160.66
QTKVU,219.51
TTWR0,144.09
B1NAP,89.61851173385953
ETSLP,210.23
IXOZ0,194.24
EELQM,312.03
CDRYQ,67.18
PV8RX,361.73400000000004
L7ZVZ,221.9
HE57W,64.55
DEE5A,227.19
3TRMR,452.36
I3XWK,258.22866666666664
DPJCQ,234.73
SOJU3,5071.32
JERYO,467.96
LE5VA,87.77
OE8SA,150.27
I8ASZ,213.98
KUGRA,146.14
7CCCC,127.42
8HFRC,122.05
CDE6H,154.79
UUHL0,125.46
6K887,65.975
GP2ZT,127.55
4TTYM,442.66
RIXDO,70.11
MVUH0,120.87
EONNI,56.04
4PC8O,101.96
9CGXG,251.51
AFHVO,67.36
RLX2K,134.34958333333333
6ZBYY,132.81
QAEVE,149.28
JKGRR,62.457333333333324
4HEYT,88.05
W9TYB,120.74
SQKXW,78.72
UKHJJ,617.1456666666667
FOAF8,90.73107225273867
B4E2Y,87.93
MIZ67,142.08
EX5GT,165.34
QL14U,161.02
N2MKS,260.13
FQ4RV,75.26
ZTNO5,520.51
ZDO1O,104.68
FPS3V,173.69
IRFJM,110.73
WRTPQ,127.42
BXRQM,78.81
9NRQN,167.80266666666665
FTMWR,704.47
7RNQG,96.17
JOUVA,71.7795
IPCII,146.57
RHYXP,164.165
75ADH,381.74
A0QV9,260.88
Z4MGW,323.22
ZE1G0,96.77
766I3,83.16
QK16W,65.86
30ZF3,200.01
0Z2RI,140.46
8SYUF,96.19
UT9NG,87.52975283050284
LVWQS,108.57
JM6BS,119.72
PEXPH,72.16
WYXFJ,109.79
DDH1C,111.23
ZXCRQ,230.37
A5RZ7,144.79
6HITN,108.81
6VPAM,66.35
CVEII,457.92
4G6JN,136.05
IVGQA,143.88
KE3KB,88.63
OTTQ4,276.95
W5506,84.61
GXCAH,180.05
H4POS,196.15
2GMPR,165.35
WHM3Q,173.67
2OQIT,395.464
NWCR7,50.8
WP2V2,240.75316738816738
8UQZE,158.01
DUBOW,118.51
IFHTA,324.29
MSFFH,205.38
KREQP,506.91
S2WHT,469.08
KN2YX,212.8
YT1VO,141.49
RMFH5,128.91
ZOAKU,441.2
VU6O9,176.2
XFPOD,122.68
9S3O1,238.3682936507937
VGNUN,94.12
LSXQ6,173.71
BUCNK,145.40520335220336
QI9D4,302.59
AYNWB,157.85
DJGT8,242.39
TEU2K,141.19
BMU3E,85.12
V3QMC,256.3676451244833
6HKSW,223.27
JJ3MQ,126.34
FKLC2,194.53
RJ9CU,376.16
EIKXV,276.35
ZSNNR,264.7563333333333
OMGKL,175.79
ZTHPK,235.31
JE4FB,175.97333333333333
Y25PC,129.93
Q0BHV,325.74
Z1YFF,5151.86
GAAVJ,316.09
VFEOA,304.445
AWRBS,274.4124523809524
GZL2M,177.67
PGWCI,446.66
YE5GQ,384.25666666666666
TBSMV,242.61
KR5JB,84.35
GKHL2,106.02
BGIUS,100.64
PCMQU,140.93
9I7O4,430.154
SMKXH,72.09
NVTOW,600.48
5KVL4,144.33
3S5SC,393.06
SWUZY,765.53
RBPJR,184.47285714285715
BEPPN,135.81
SOYIA,152.265
MEOY7,140.77
IU2VZ,122.5
UVV07,63.885
8Z9BR,355.56
2F196,193.39
QXJKH,153.71
0E9ON,135.11
5SW8A,99.2
X784V,148.75428571428571
TZVMS,137.6
MEIZV,255.57690476190473
1QN71,144.11
JVMQZ,67.7
HAJTF,145.43
K8QV7,104.74
REENS,127.17
YGGSV,491.95
JUI0Y,91.735
CVPWB,68.18
6HENI,382.88
WWBBU,143.72
5BNRF,104.92416666666666
NELZM,318.41
WMYGQ,163.72
XF0G6,333.94
IA3JQ,80.37166666666666
LQQOX,96.33
36AFO,116.16
GPFOO,248.65124436674432
MAFHT,125.11
KBSL6,90.07
KPUOI,100.72
ZG3I6,172.45
MGORG,179.36
SE1Z3,88.43
UC7CQ,56.62
T06TE,62.45
KAY54,497.11
BGYUK,83.71133333333333
SD0RJ,134.29
G6QIP,72.52366666666667
HW6RZ,161.89
OIAH6,89.92371428571428
O1QAI,255.32
1SFJI,149.27
ZXYYR,516.36
K2Z0U,271.12
BSDPK,262.64
UN3UY,202.12363636363636
LTX7O,244.81333333333333
L8NAQ,248.58
FNPAG,93.32
MIQYH,250.22
MN4U8,72.27
2PUFQ,64.20666666666666
DMEUK,9819.0
B7L51,289.406
UHYCF,97.44
TBNEV,1009.26
WL7AD,122.245
I0QQT,309.4
N4VLV,70.79833333333333
SUBLQ,436.15
RRAYW,139.43
21BO9,166.83
PLCGY,167.32
5SX0V,299.58
FUXYM,245.946
8CLFG,53.1
YLBSC,371.2665
HFS0W,68.17
JZ4ET,72.7
I49NG,84.06
EL0LU,108.06049999999999
IBXQR,183.77
ABUMU,76.74
XD2PM,105.59
AZYIL,200.03
IUJBJ,58.98
ZXFKU,92.48964605642895
HAGVA,401.905
YC5PX,229.95
VPZYX,127.53
T8FWF,171.06
YLNPZ,237.5135283882784
ZG4WL,270.73
S58JB,89.61851173385953
E8LVZ,211.98
BB2SY,96.0
VHTF8,73.08
HPVVY,150.36
QJVQD,239.79
6EYOG,354.37
JLPSV,122.08
OIODS,122.4
WBYBP,192.74
F6C2V,86.12958333333334
KSFE1,84.38952380952382
CO7F1,271.83616666666666
TWG8P,161.02
VGRBG,46.78833333333333
UPPVE,233.19
EDJGY,4435.28
WEBMZ,742.24
3SPH7,466.99
WI4R8,186.875
AZJIY,178.31
DTF6I,269.77
91DPX,89.56
6QKDN,141.49
YKA5P,111.78016666666666
NDG4D,47.13
PWST4,103.65
7QJR7,179.21617063492064
QDJPW,423.741
QJVRC,338.11
HRFT8,256.61
VFTCA,75.25083333333333
SQGEP,91.08
HLTGP,89.84
JGXWD,159.18
4M0H3,152.03
VA7IJ,62.525
BD6AQ,80.1
INW2N,86.5
GKKEL,652.9086904761905
X3JY0,226.67
8CSTQ,316.01
DWXZU,121.64
1TEVE,197.05100000000002
I2GHY,225.49
8V35F,62.14333333333333
LKKQ9,1177.84
CZKSC,326.02
6ELOI,185.2
ASET4,152.41
N3K3U,953.43
X1AB7,78.70166666666665
BRCZZ,42.64166666666666
Z1RJZ,373.64978571428566
2ENNQ,110.73
DPU7E,162.04
W5YYP,157.9
3OBLG,411.3
JAPB9,351.24
6L2ZM,147.58
ICVDP,59.48
ZHV83,202.33
KBOEW,118.07
DUOZU,209.88
SIJGE,179.9
CI15Z,766.3
XXQDW,387.61
HVZYS,233.3325555555556
90KAH,278.55958333333336
UJNHJ,76.65
0X0DI,137.47
UKHZF,293.6
0EUMV,189.61
IMWXU,188.74
QSBNG,143.62
V59AI,87.91
R4CDK,70.86
B57JA,306.54
VQOJS,77.95
A9BPR,403.75
WJB0O,392.01
LNDQO,323.03
BTT9D,212.37
RJARV,276.0600551948053
RBQ85,267.41
BYS9V,174.53
Z0HV7,42.43166666666667
FHENN,262.91
ADS60,85.82
CUNFW,69.84
LHQAM,121.76
JKJBV,97.55333333333334
STIQI,135.91
YM05F,1856.09
UPW67,100.02
X4G8S,94.09
M3T7G,210.65
JZ4QZ,97.13
BGGCN,446.8
AJWSC,103.2
AT10N,253.31
TBZFD,133.52666666666667
MZNAS,150.84
TNL3S,136.89
CQIXH,658.6216666666666
S5LJ7,79.74
Y3ENJ,224.05599999999998
4WP7V,133.33
10PHN,131.07
KIIEC,81.53883333333333
CIOHD,338.32
IYY7J,262.1
I0MKH,413.73
FVWQR,117.75
KAPSE,146.8
6WYYR,266.15629401154393
RAW3Y,275.9
XFLVK,209.96
QCLCT,148.33
LKQON,342.97
Q5UTV,202.34
DJ6K8,90.61
N8TE3,73.12
YJD7X,350.9
ECDAD,469.27
1ZZN4,413.87
7E2BQ,188.89
KQ8JS,80.06166666666667
MBAK9,145.66
JE03A,162.15214285714285
9WJUP,57.71
NWIOX,199.99967132867133
SGGSY,238.4
U6MJH,215.9393452380953
T5GWG,232.71
PWBT5,362.28
Q7WCN,170.2
D9AGE,214.81
ZIZ26,585.425
6H95J,330.33
B0IEN,65.16
G9YVZ,66.38
JQYQZ,110.76
GVG2Z,171.81
5JJHG,166.52
4BB3U,65.5175
SPQGU,234.77
AQ3ZJ,143.03
YH212,225.6
KFLBL,396.97
CNDMP,361.29
OO33Y,223.13
OXRM6,171.07
APSIM,154.74
R89BO,125.36
DB9IB,62.44
RDFPQ,180.42666666666668
OTJMI,104.58
HOWN9,285.57
OCIAI,53.23
3OJL8,188.42
H44UD,215.61
MEMYX,520.98
JUICJ,282.05
QFUMO,234.56
OTCTR,545.52
VLMWQ,173.23
S7C7N,134.20866666666666
UFK9Y,172.49666666666667
JOGNN,145.46211982461986
JSHDT,155.10995238095236
ZAJOG,112.21
QCVJ9,324.7
UQ73X,143.945
MZMWJ,961.97
TAGXF,212.68
I4EJ2,127.84
7JHIG,213.91
0UB97,80.98
QGNXG,148.21
OWV2I,193.19
WHV6T,78.32333333333334
GZLYV,54.73
WENE0,146.31
FOVWC,516.02
9RPCV,233.06193467643465
O9HD7,253.85
KAL2N,578.942
53ONH,56.26416666666666
FGV7B,195.57
M14ZK,206.93
8BTUR,422.48
NLXQT,181.175
Z6FS6,126.82600000000001
V0QDD,125.69
MX0PS,566.67
6ZGCN,220.58666666666667
MOFDH,245.07125
AZHC7,262.35
XCEOL,126.29
QJF9N,174.24
3NAA6,149.06075
7R9ED,220.67
1OH84,163.84
7FA8B,108.27
PGYRZ,523.67
FP9LN,388.69
IJAYC,194.255
FAPVM,134.37
8LQAM,531.46
G5IG7,186.69
HA7OR,117.25
E8IKI,130.50361111111113
ZNSZU,108.1
0PGRQ,156.39
J4VOX,86.85
O7RFX,127.305
P4NKB,57.505
IAAD7,81.03
H3WHX,130.54
T22DV,220.03
JXLYG,108.15
YWUSN,143.16
XAQB3,66.74
Z12CX,115.98
UBKUU,113.01
Q6MLO,220.45
SYFNJ,165.02
4U5JY,97.57
PMKHX,176.33
H2NY0,134.81
AM5MH,99.65
1YGIQ,91.22000000000001
EIWCI,160.5
NUJSD,104.61
Q6DMR,181.68
AZIRV,165.32966666666667
J8QUI,109.43
IL2CI,185.68
IICTR,135.931
HSAEJ,90.73107225273867
S6K7S,191.37
62LJV,56.7
ZKBEN,224.92514285714282
BGQCT,257.7
OPXNZ,69.5
OX4HE,305.32
4WUJK,162.18
G4UB7,71.78
1WOWF,113.74
GF1EZ,133.5
59L5L,203.87
KNLAH,233.59
ZZ962,287.2318506493506
DDBFY,56.01
SYEP4,176.24
8LVWF,130.12
TNTH6,247.28
EXQYP,136.81
WQBWO,154.0
NMSYG,159.86
FNBGT,179.07
MJTDK,113.76
F6W5J,211.58
WDSMV,258.18
CI36S,64.56
KEDJA,255.48
6BSKP,196.49333333333337
VF7JJ,172.4550202020202
SX9GH,220.17
7JJDU,729.2925
1KWRN,123.13
CR727,150.11
MEKP2,150.8
QCLS3,129.57
7GZI2,137.24
U4IZS,81.78
TNLIS,82.36
2PWL6,104.4979108946609
FX8HR,269.59
GJAEE,84.91
MQNIS,281.32
0CCJ0,117.6
18ADU,292.57
IKT6T,122.04
MAQAI,104.77
GIBIW,121.79
BVB0G,867.32
RGOST,131.59
U1GRE,98.33
GYTVT,145.41
VUSMS,89.61851173385953
2TBBS,76.55
MMS8E,220.27849999999998
GEDEQ,119.595
GGTNC,119.65
CR9NS,186.37692307692308
KDIAQ,73.75
O60WP,105.16885714285714
PDTXL,106.01
UJPFX,161.36
2GMMX,282.75
AFOWD,50.43725036075036
39UBF,185.74833333333333
BBLHY,120.92820238095237
X9L74,285.81
AHF68,135.44
07ZXX,215.22
RVOBA,469.39
TWIPU,106.61
UYTNR,155.29
QGAXJ,111.805
1OCFK,65.57333333333332
FG0YV,143.56
GMRHI,62.114
FYZOB,464.58
M7YBO,256.3676451244833
ZUPMO,64.44166666666666
G5ZGG,259.19
AUKFH,72.35
XXJBK,173.06
WV2PH,102.46
TOBIG,60.44
GYSP3,151.335
KZEVQ,108.35
AD3RT,197.51
DZPBE,411.54
D2GKC,172.97547619047617
4Z1SC,84.00916666666666
1SKL5,443.52
WMJRF,56.03
JYKBE,140.25
G4TCE,78.82
XVKFO,104.24
UJD7J,120.25
8JDMY,253.77
IAOOQ,143.38984523809523
CCDSS,115.23
BOO4P,293.23
LDKTA,154.27
XI4Y5,116.6069523809524
MHXXJ,247.28
Z8X9A,233.3325555555556
QKDTJ,200.0
NC2MD,54.60333333333334
IVMBC,198.53
0BGCS,51.55
DQJ0H,133.31
0VBSS,262.82
B3RD6,148.47
G4PKS,213.02
TMQ0W,160.35
N0ZP7,138.3
3NRVH,90.63
RXBNJ,228.20362265512267
TFD5A,370.49
HKYDJ,73.99
YP0FS,678.71
JS9OB,100.6269880952381
U38K4,332.67404353287753
7KDZP,142.73
AQ3F5,86.5
ZIKMB,235.81
PFZXC,1112.9539285714286
R6WTU,255.6035
AWCC9,47.86
MGOQ1,53.71
HLZOE,181.8
AMKMO,263.3054786879787
HTJ68,123.58666666666667
TQM6D,132.56
5DRFW,129.29571428571427
IFUAH,129.55
URCP9,87.955
BAVJW,237.81
T7QAN,125.31
YYNEH,148.14836080586082
32OIN,153.52285714285713
PN2VU,293.5
FSUGL,314.57
M4VW3,223.96
SFPO1,341.78
DE8X9,162.15285714285713
VQOKY,153.4030476190476
LFAU1,502.81
VQGUC,99.74
PATAA,46.84
SSTVU,163.62
SPN5X,343.81
X3E2X,131.48666666666665
4BQII,127.77
1FD2J,113.64666666666668
TE56A,43.25
KVQO1,88.908245980038
SQOZY,751.74
O25HN,88.435
6HTFV,176.28
FEUHM,62.4
XCA3U,621.25
R9Y6X,1232.3
IISYD,45.30166666666667
UQCZM,141.22
3P6ZW,134.42
KPXXP,193.54
LNMUN,89.45
JV2DQ,85.28
UIGSG,151.42
RLOZQ,133.45
FIL4D,140.7
FGUQS,179.58
K5KQ1,121.55
FTN9W,366.82
ISLZP,116.21
DGHCW,653.64
2IWXT,395.19
ZQ1XN,236.29
ECYGJ,89.61851173385953
VPC55,357.03
RZBTM,117.86
TTI5C,171.96
J8FVL,123.9
NVTKX,53.7
QAKEV,169.30542460317463
3EIEQ,211.57
DIEJO,64.05
QKCJ6,235.9
MWUZH,42.89
HSR1G,156.27
LVGLI,291.18
DUWNT,371.17
SSHCV,144.7
M3J2S,482.19
2G5EZ,76.75
JBS1V,242.37666666666667
XUGZP,142.99
713YE,157.61
PAR1B,280.53
COYA9,101.92
P90YU,261.36
TDSGF,182.95
FRW4F,67.64
ZRE8E,120.92
1BEJB,163.33
QHK4T,61.99
WKKQE,537.8235951548453
IUEHX,306.884
IKITX,1034.93
R5MYC,71.56
47BT0,111.68
ZR7ZA,185.74
X91KQ,112.95
0NEZR,152.86
5L4TQ,178.05
EOKYK,444.86
JKZ7O,131.85399999999998
GYKPF,144.48
UG6AR,169.4116666666667
CZBI0,89.45860591665816
CJ6AT,492.89
6LVGT,145.03
I1ZFP,156.91
GBZZK,27.265
N0NSG,90.46
HGEUN,127.41
VOVTM,366.26
CSZ5G,263.112
8SDQT,184.39
TJMAS,144.6
XBMZU,242.3125
UQVUK,532.8
GGTE8,893.91
ORFWP,67.38
2T5OE,104.6
CCGJX,311.27
ZY14Y,332.67404353287753
MYVQ8,213.61
O4KMQ,294.61
C3TWB,91.82211904761904
HIWY5,200.10641666666666
VIXEQ,221.92
ETAIG,83.805
26DVL,132.9788174603175
AQB2B,338.59
8PRA0,66.67
NRHHE,152.57095238095238
JMQU1,205.3
DUPXW,174.72875
ARKCU,218.49
NVVQO,661.09
6VCBG,30.41
ASSGO,85.11
LFK1K,222.16
IMFFM,198.76
EEUCY,288.35
RIPKA,122.38
BAHDO,212.97
DUQLW,133.42333333333335
SLGDE,119.5988438228438
VUFME,64.6
KGOCI,103.98450000000001
B4DK3,90.3675
A7AJ4,153.40928571428572
4UB0V,124.00666666666666
HY5FY,222.29
EQPVT,367.78
8WMU7,48.59
M8DSF,206.54
WPCMU,228.67
X9JZM,102.81
XYBGN,175.2088373015873
CSXCS,68.19
QU46O,124.475
VCHUW,140.5341666666667
AFXZN,262.81
QVYWM,132.96
N3VNF,130.58
HTKTZ,95.27
CB3BF,234.06
GGLRB,67.87
AFCV9,368.58
IVOTN,130.75
M6MRQ,147.03
OXYQ1,70.72
OSB30,267.82
ZIVC1,147.81
BFL93,142.15
LVFNR,90.73107225273867
CCLJH,258.62
ZAMDO,963.59
J7T9Z,149.13
KPFSS,81.62
PU69N,212.45
SZDDP,386.7671428571428
IUZO2,413.18
BWT8Y,69.79
OGGZE,128.05
VTGGT,105.41
RUQEQ,199.03166666666664
IBAU5,189.39
TQYGI,99.75
TMDJK,181.21
70QOT,99.15526320806818
QUYMX,199.04
IVFZX,237.39
R9B0W,393.57
XKQ2V,132.73
ROUMA,141.85
BTC5O,1399.17
UMQXI,65.78
RZVOG,199.91
QLZYH,94.53
SV7QC,315.9
0FB3T,144.83
TGOVZ,231.33
A33II,116.48
WM3JT,315.455
QYZ9V,67.73
BRGDH,170.66
V0HAB,71.30333333333333
JWV2M,968.31
NKIJF,69.52
54GZR,72.91
P6MFO,228.77
KLU6B,179.02
BQHIW,202.82
O4OZE,206.49
T1NVS,105.56
Y95IE,68.12333333333333
7LAL7,171.31
QNZSJ,268.74
AZPAM,638.54
OI1GC,67.83
MI1GE,202.7506666666667
R0OSD,144.46
HMD3H,621.57
MI8S4,315.32
HFBPT,69.91
DDVSN,164.76
QBUWC,152.46
87FHX,58.49
RRRPB,217.58
JUDOO,384.3
WURDN,78.08066666666667
EAIMK,185.85
DXMF8,116.13
UEDHK,217.82057142857147
VOPQB,274.87
II2RJ,92.35
VIWL0,190.14
E3Z1Q,63.17
QGNPV,187.86
LHYO5,99.24
RI8DY,544.94
X3P5D,109.74
BTYQQ,50.97
X2QND,173.69
KXEKL,274.73
RG9TQ,155.41
JOZQE,576.85
DRQGJ,121.66
ILNDC,88.30483333333333
3WFJE,152.71
6OLWO,309.62
RXLYV,145.34
ALSJU,286.12
KMSGH,137.12666666666667
LZRQ5,241.95
C1PXL,295.34
FWHYX,227.38
WQSMV,194.55
HLG5C,129.44
LHZ2O,93.21305555555554
VVYNG,652.9086904761905
PGIF5,139.58
RSNQL,99.83
00WLU,301.36
RDQD1,169.53
CTGV6,278.79
II7ZJ,235.78
6ALED,361.87038095238097
RNJC9,70.59
CKU66,102.67
DBO8U,254.95
WTB3L,353.49
3DXJU,189.0
XCFVM,603.52
T3UBJ,155.8
LY5D8,151.26261904761904
VGWMQ,142.59
FRTK0,180.62988111888114
4LCVR,202.62
YGQZE,87.07566666666666
JO1MS,70.5
PPGQ2,116.19
HZCQ6,315.175
QJFMG,78.01
OBA3N,363.64
UFC2Y,70.7
CQODN,217.3
CWBOP,177.54
N38L9,88.47
4DYIH,160.68
QGIKY,82.50759562577944
T1VAJ,145.13
IKDCW,43.31
FLND5,44.1
RSTMS,147.25
ZHK5D,288.19
WYBQS,309.4725
AEMCJ,388.9
WR0QI,198.48
QVVA3,96.52
BFIFP,70.95
5UED9,77.07
XUGRV,258.22866666666664
GKP92,86.09583333333335
BEEJ2,147.74
GWUPP,209.67
29VTY,209.91333333333336
PWSMB,102.7121212121212
PPZYQ,169.49
PMG69,68.48266666666667
AMTWT,241.93
6OCN6,82.455
GHG45,167.92666666666665
VG1YA,77.06
GIQDA,129.87
LT43A,123.36
BFKW6,175.74
BLZIG,68.62
7QTV1,131.6845833333333
YMXVK,311.78
1EXUV,120.83
IHTU8,125.65
ROBCB,137.56333333333333
INS7J,74.375
LIUDL,122.3
IYJ5N,118.79
LWMZI,149.77
AFW0M,112.37
MZDRQ,447.41
WZQLN,153.21
UEDL7,413.8
IHHY6,272.1457362637363
KXQRQ,124.66714285714286
Q92ZM,193.46
AOKST,287.11
I9OEW,578.27
2BVBQ,385.21
TWHOF,46.23
P6RME,193.18
SEC42,92.15
CWTT9,149.75
9OZMU,84.18
BK7DZ,113.56
P9LVY,1287.9
PRZZV,203.58666666666667
BQHV7,118.03
DK14T,261.18
ZRSEY,364.9
TMBOJ,324.135
WYOQY,195.39
ULEML,210.12861904761905
USO82,278.63
JWWVD,81.75
26FOA,161.67
L833M,274.9
8H4N6,151.1
CXTRU,514.59
DZMST,147.3
NCGCW,78.72
KFFUV,438.21
MBY7D,189.27233333333334
PGFAS,72.969
PYFSE,298.67
TFODX,142.33
4N9AX,239.97
RF00V,229.822
HDWF8,269.12
VIDOK,427.61
M2RFF,156.85
S08NQ,127.19
4X1KZ,87.49866666666667
KWVHQ,137.53
6NOUE,111.26
C6RSZ,490.49
OA0Y8,39.23
BKCNI,460.29
P6HL8,345.67
KIEW9,98.895
FG07X,89.61851173385953
O87TX,82.0
ITEOT,412.81
GDVSY,133.77
X8HPD,766.22
QHTOW,331.17
DW9IN,151.14
GSDAD,173.99
WUBJT,191.98
UKXAL,47.01
DHDAL,258.89
9X9ZN,167.435
ZL0ZU,171.7
ZE2TA,179.1
0QB8E,55.96
IFXD5,313.20700000000005
TVQXL,77.43
GKOYN,155.22
WTHBZ,307.59
BDL0S,2802.36
FBRNK,105.64
POGY0,175.0597619047619
FYB3U,179.61
62290,64.31
CIZTN,438.74
RDCBK,164.2
RBW1K,224.04
MTBDP,89.54
J2PKE,195.25
7XFUP,143.57
QWRBT,107.01
VPP2W,266.63
YORI5,122.0
LLFY0,193.41
YX9QU,107.06
ZGYCI,151.78
KO2PC,156.87
QZRF8,246.42
NRP16,154.87
TBVAT,1118.3383333333334
LK65C,127.9
WXS5S,108.89324771524771
VFBOX,149.49
GEKQ6,150.9
CNM8L,139.16
YCVBV,178.44
HFSMW,236.49
F8NJD,198.31
NU7FB,294.28
MARB7,105.41
JKKWP,307.59
CBZOA,123.48
NJZFP,82.32916666666668
ZY3WB,186.646
QTFLB,145.33
PHFTH,213.39750000000004
FWXIG,126.3
DDPWK,75.62
6DVPU,447.38
J3B0R,164.75
MUJRG,497.685
QQFDV,57.18
4JUCN,168.28
MTEGK,137.43
RZN0Q,210.155
0EHE5,57.43
NKWUP,300.83
OFE5R,386.38
IRMMF,155.94210245138424
NNSA4,414.55333333333334
GXNHP,330.92
PTSRU,68.7
JRMVH,78.08066666666667
JKCCP,154.74333333333334
SGWLV,168.4
46ET9,55.41
ZAUNN,65.04
RLXAM,342.19
LMQ3X,371.1
BI5OB,67.0
EE6R0,155.34
1H7DB,9999.0
XCELY,173.54
PPD1V,81.8
NOVT4,104.70384523809524
HUIEN,139.45
QYHEU,114.18
DJOPT,578.215
TK1KF,289.3617857142857
EEVBH,87.95
6PVHG,63.6
UYY5G,250.76
D1KRE,308.96
6E4ZM,254.87
DFNRJ,238.4
BMYPF,166.42
GGPQI,104.21
FWF9K,138.73
QOO6X,105.281
VHOJE,43.85
ZMSWA,96.92
KCB6Y,98.05285714285714
VOPT7,259.0225
8DQR3,105.67
YXV8M,79.83333333333333
STHIF,242.16
D2CML,206.15166666666667
E1AYR,229.176
TFC2Y,117.5
ISLMZ,144.9
JREBA,153.0
OBZ52,65.96
TXDMF,139.44
XEOTZ,167.74
X1AA2,196.65
9OUHV,246.69
MZ5JH,139.88
FITPB,89.68
GCVI6,58.09
SE39P,367.09
P2MZT,54.75
DHUFA,64.64
MYW9C,296.11
C8IAR,162.01
A9UHS,326.23
EVVRW,234.46
CTJM4,133.0896507936508
TQMIT,95.58666666666667
DPTAE,535.46
N8GKT,186.08
SXUPX,219.53
G4OJ0,155.94210245138424
LDOKJ,159.89
OBIKF,210.93
QGEM7,122.97
LAYB0,126.09
HIEZI,353.81
IXGBT,150.45933333333335
HKPSJ,155.12
Y6NDU,84.035
7ZE49,307.9633333333333
LTSZG,290.41
MMJIK,88.908245980038
IGVDZ,124.73
BV8CX,154.82666666666668
SGGEY,64.77
BXNJU,101.87
Y77M9,89.46
O1B26,242.36
8ZYZK,90.86
JUWYQ,321.91
D5J7L,68.82
EGN4C,501.14
BMORH,116.63
YTQA5,52.974916666666665
ERHIN,123.23
VBGB4,127.44
YVCWY,175.62
CZWKQ,159.49
ZD0NI,359.39
BJ6HX,165.49
XV4BN,79.60885714285715
NLSPY,113.14
US1PG,375.62
XWV7S,147.45
UGX32,101.44687301587302
YJDRT,308.42
WSFJX,62.54
JEMV0,176.96
LGFQL,23.05
MW6R9,83.53
GXWW1,240.97
32DJF,66.70714285714286
8Z3AT,119.5988438228438
BGO0X,135.63566666666668
5JEDL,89.61851173385953
QKA0Q,174.76511309523815
TIIBU,290.96211111111114
0RHIC,109.25
ICVT0,197.13
KCHVC,138.58
EFLNM,141.74
OOVRN,75.14
SB6AN,75.17
ZMVH9,113.01666666666667
1DPTM,73.97
UHE2Y,81.16
RFV70,606.26
KRKXH,135.12
1ZGIX,104.41
ZTXHT,529.4
UIXYN,550.4343333333334
AEE0F,381.55
UATQ0,199.42
Y5FIU,160.56
PXRVQ,339.93
XL9NF,354.36
3SCXO,130.38
KRQGJ,97.94666666666667
E9DWP,208.74
2JKAH,65.69
6RKVM,96.34066666666668
BLC5T,660.65
MZ2G3,295.0
8IYHX,113.76
IDIZQ,327.97
RVAPE,290.73
8SMSC,76.6
8EXTU,86.49075757575756
LFRMI,113.61
XYQHR,184.79979804345982
NZ4IJ,99.72466666666668
SJBNT,140.05
IBXJC,145.37166666666667
ZGNUC,200.48
UIS2V,61.79
DFFT7,135.93
E5RLB,251.68
47GHN,92.45
C32PH,223.95
6U1CK,409.2598333333333
LTIJA,98.11
WHXSX,131.84
FLSBH,90.95
P0FUO,84.38952380952382
SLHOY,180.01
JPJB5,299.97
SHZCS,115.39
RUJXY,44.15
N38EI,248.4
JKRMG,125.21
9TTRT,77.89
WJO5S,179.84
N33UH,72.71
XGCNI,117.52
FFBEJ,155.45
XBTLU,428.82
LREIV,197.9
OMY6W,167.9
KHLFZ,46.18
IXEE6,60.84
BSIUX,70.06
FKNDX,68.39
4BCIM,877.2716666666668
PINLY,1086.315
ZN4EG,285.08
P83FP,232.2
1PYJ7,234.08
7ZWKH,43.67
MCZL6,58.26333333333333
RJYWG,136.44
TDDMR,88.48
Z2SHT,286.39
3T5AZ,204.16238095238094
WWDTF,184.28
HCTU4,126.87
5LSKT,575.6508333333334
NSPEO,352.52
CEK3Y,160.43
XNBXA,86.6
WTSPI,136.54282900432904
VBUQS,203.477
D5PZS,897.155090909091
H9HOJ,521.36
XNHRS,136.855
1WCUO,189.06
V0R2D,165.795
0QOJP,210.17
SA6VV,243.18
5CW4N,147.14
YAWYH,328.36
SW8LU,132.17
ARAB0,153.40928571428572
YJGVY,483.34
P6KVI,110.68857142857144
IME7G,95.49
CMXQK,1254.45
OOFPH,119.52
EICMQ,616.19
FOFRF,133.27
QQUMQ,101.15
O4XVH,628.1
JYBHE,386.71
H37FI,667.71
T5Q1Y,464.36
FGPYL,40.31238095238094
AUDHY,325.06000000000006
OYGAV,331.23
OOMDP,88.59
LUZHP,57.02
QORE2,165.43
G3GFJ,181.10485714285716
OME4U,319.7049166666667
9TJIN,235.34
9RAYV,205.48
ZHDN3,95.25
NCGMK,75.32
LEKAW,53.09
YVXXV,645.74
5PCAA,117.24
RUMRU,109.99
WYA9O,191.59000000000003
PEOXT,259.15666666666664
ESJG9,642.11
AFOY7,161.63
A0BFB,209.27
PFVQX,330.37
IH2T2,143.4927272727273
JWOOB,139.66
MTPZL,231.36333333333332
ZUDOW,287.2318506493506
ZGNEG,161.1313095238095
EJWAS,474.03
3TZEN,203.4
6ZM7K,234.49
LBWA7,310.8865
WOHJR,112.448
CBXX8,130.82928571428573
GZG83,747.3316666666667
7VZR0,1119.93
YXJWX,150.54
KVZMG,77.19
KWZBG,1112.9539285714286
VAVZO,238.66
TRFZ4,173.13
IVHLW,104.5
35MWC,148.28
VPEXV,243.64
D4HF7,426.66
LB6TC,145.40520335220336
90WZK,69.43
ZVCPT,169.1
QU3BY,229.69
QQEZX,61.0
RS2SS,117.37
OTHBZ,96.25
HGVHG,184.28
N5TUM,163.39
6LLHC,231.49
61UHN,144.77
WZIU1,70.44
2GNIJ,142.93
EZNZB,129.11
GDPKI,84.98
GPAY6,84.31
ZUV82,580.71
7KPMO,45.22
BF5CL,56.81
FTHHZ,72.84583333333333
WYTCE,302.64
DJBSO,80.94
XKCGM,98.06296130952381
KZGRK,400.01
WKTAD,285.98
BO08O,152.19
VQKOS,60.53
U5GP9,79.80285714285715
G7OZO,1579.79
QLFBE,135.28
6GTFQ,118.64
HQUOQ,684.84
QWS1T,257.51
PKEGE,614.04
KMK2G,1288.27
Q8E2F,187.75
DYYZW,22.816452380952377
NXCG9,130.36
JSYN7,136.96
J9XZ7,287.616
HSE62,394.64
FFPWU,93.83
YHN5K,292.78
YRDQK,145.2
IYFHD,112.72
4JT5C,92.16
UCXS5,80.43
H88HR,170.96
LMHDH,164.49
IUGJM,217.49
SPOX2,259.9125
SMZTQ,90.16608333333333
GCHVL,664.74
BEQGW,561.2
XJNDA,55.68
WRWFO,155.77
ZIEKV,148.87
NGF3S,207.55
IJDA0,197.49333333333337
EGMJ6,105.08
S9GU1,271.2
TRW1V,54.99
XJWSP,165.59
DMEZ3,136.25
IUJ9L,53.13
XNFQG,149.57
FUNVE,198.24
Z9XZX,380.32
HOZZX,130.46
LKLHG,100.53
AYNH0,202.07
VRRRR,182.91
LYGJC,67.16
8B5LN,56.33
AJFXH,373.01
9E4SH,225.95
BIZZJ,76.08
MYVQY,239.9
UAR37,312.53
APNR3,120.22
QCKMT,134.01
KWXZL,70.46
YIFUQ,66.50833333333333
ID3LE,25.02
U0QD9,388.48
ARVOS,118.32
0APMA,74.51
MMVV3,54.32
TLTHZ,143.6
K4VFM,61.87
LHISU,78.54
FJ3LY,127.81
UVN9U,63.86
B7SNO,74.465
ZXZQP,96.81
XNSPW,124.36314285714285
IREJG,70.23
ZYFJT,279.34
KPP0P,134.62
AZKYZ,185.93
Z72FF,409.07
VA4NE,184.9395
SYPDM,203.27
XFR5X,116.25
G2GKW,442.88
CX9HG,111.1
MTKSO,49.97
3XV94,103.09
4VB8E,73.12
5GDRU,177.45
NVBWM,393.36
U6EZ4,272.87
YPQP8,182.9
AM6GE,176.59
WDOTC,169.33
JAFEC,108.04
4ZPFQ,80.03
K4CES,141.555
F2124,186.17
SRP3R,258.56
EIKUK,199.4
2YHIL,194.77633106780482
3MXNO,61.85
PBYWI,2013.15
4M6RM,182.87833333333333
WZTAU,99.76
0XNJH,69.54
46I63,153.186
PX8IA,196.93
DV9PB,121.16
WCGPM,143.07
N6S0E,186.05416666666667
PUEOG,118.55
OZIXT,265.61
PUSXF,112.62
QHOU9,183.84
FH3VF,136.18
MP2WU,310.7
WTULD,59.09
QPOH1,265.32
I5WQE,81.86
SWZPM,143.78
PFVT7,110.8
9DBCS,102.94
NBMM3,129.89
LHZZB,124.57
GR2DX,159.48
FR5OV,170.47
3OKS2,112.17
BNLL5,95.54
YIYUE,100.71
VFUKC,58.62
B3BND,92.35666666666668
IYCXG,62.8
I5QO7,73.03
3OSLP,53.753214285714286
YARCK,354.22
ZXO9B,169.02
FXGW1,74.14
UXTEE,127.97150000000002
D1ENY,79.22
4WCEV,169.71
SJU0R,56.67
4NH4G,102.81
ZXSVN,84.38952380952382
LI7HG,190.5
HYNAK,121.76
CTUCK,40.8
9TIS9,138.89
ZA97M,181.89
TYGXE,51.74
BTGIH,191.91
X7KTF,255.47
PPULH,420.19
U5NQG,237.93
DZZGJ,213.57
JFSPK,316.48
IQ7NF,369.47
MF7S8,163.07745238095237
QDLZR,217.71
MKEUM,228.72
LEVW9,74.56
LD5VP,290.56
V4HFB,179.37
WGERT,265.26
8GJT9,233.86
JGTAN,758.24
C2KZ8,79.78916666666667
GJLKQ,338.57
CJTKP,561.99
IXQKP,284.67
TPDSZ,153.99833333333333
C8GCQ,326.17
R3XNJ,505.26
KYX9I,113.36
O2WAQ,308.7
F3Q9A,169.44
CLZDE,140.98
EBKXV,88.06
A9T8U,144.75
9X36F,82.80666666666667
ZWDYM,304.572
GW7UX,851.4483333333334
GMFYV,486.94
ZQ9LE,131.32
ALRDE,78.69
OUISU,376.82
OJ3LM,117.97
8WS30,117.88
NPKVQ,121.54
BYDHZ,162.59333333333333
HV42C,441.02
LEUJV,131.52
AXGD4,91.52
ODNS1,351.65
BQWW2,81.85
NBSJ3,103.11
WVVZ9,51.60033333333333
OQOPG,202.94
RMMZD,221.51
NVNCS,310.18
N3QCE,123.35799999999999
JHYNR,230.33
PKASO,155.94210245138424
FSOT8,158.98020202020203
MPU7A,64.98
IKEGR,161.50214285714287
J1BXK,138.52
QBSPN,146.86
XGBDD,146.87
UWHUL,99.03
EFQN8,148.14836080586082
STKOA,98.5825
OACCB,106.24
AK3GQ,262.06
LEIKY,94.21
BZWVQ,229.25333333333336
S6Q2X,9999.0
N4WZM,155.94210245138424
GDDMC,200.21
EYDFU,306.71208333333334
CUHIQ,494.075
6IXKN,221.03
QORUG,366.57
YBC0I,127.98
VFVDN,50.62
ZXFDI,48.94
FJHHW,205.41
ZF110,195.78
OBH3M,174.38666666666666
YQNLN,142.62
DAGAH,132.08
PSJAV,295.09
6PDSQ,163.72
AIPVY,9819.0
GQK1J,51.82
4WTH7,62.14
MFOUN,99.27
39OEV,214.4
HHLMY,418.01
JU3GC,238.03071428571428
IOBF3,131.38
XJ9XT,137.63
BWWUX,559.98
DX703,56.11
GITUF,94.44
ZN7BG,329.3
B5QCE,122.83
C9BWQ,226.23391330891332
VRUJW,85.63
C64L2,294.12
1I73K,153.1092894882895
L5GSG,99.24
K51UU,60.41
UFG1A,155.94210245138424
5XGK7,59.71
QUVAE,62.95
5YE70,264.94
NBIC2,280.06
KL0EP,705.35
Y2D9Z,135.32916666666668
X76KL,263.55
JJWEM,248.24783333333338
JMTL6,287.2318506493506
XOOXN,320.78
UFFBX,147.21
HIK7D,35.86
UB3U6,142.16
PMM0E,183.3
GJNFG,223.72
0H9XC,685.98
YWAQW,132.79666666666665
BWGNL,46.15
OIGFT,71.07
VAIAW,421.64
USNBR,64.77
5UMZ9,223.04
NR43V,264.93
BXVXY,89.97
PGKMJ,225.45
FJSYQ,1001.53
2OB7T,61.96
KTV79,148.02
LNNUD,492.06
GVUIL,54.38
V2DRS,73.2125
N5IES,84.28
XME8V,423.99
LQJTQ,618.25
1WJVZ,57.08
CIO1E,347.58
U2S3X,262.44
EH7CZ,324.75
SFCFP,122.83
EDUTQ,71.96
ZYEGF,88.9
LTGSM,65.88
AD9TX,535.22
7UB4G,70.0
NSFVD,359.71
08GHY,175.86
9NSP7,57.24
9LPM2,90.01
VUEUD,192.305
LOOSN,260.6116666666667
J2LQM,1125.62
CROE5,124.29
KOHXV,120.77
LL5W7,145.99
X3IKJ,340.93
T2NCF,240.67
4TGOR,416.02225
YQRH5,186.45
K5XNV,70.04
8QJET,437.69
ZZDZI,49.65
ZGWCJ,77.98
EXONN,219.23333333333332
YZYKP,84.25
24RND,149.89
SSYYI,77.52
VOBJT,78.28033333333333
FNAMB,9999.0
4UJSO,70.46666666666667
EHRST,88.373
2K9CK,152.97
LGCRG,786.31
QSBCP,127.97
XKDPV,58.82
DOLOX,84.6
SQ2BQ,156.11979761904763
6DQQK,156.97
0GIJZ,227.91
A0T75,138.38
JCLUR,226.04
YAZOO,262.45799999999997
OLUS0,275.5777777777778
9BX0J,174.8707619047619
FMJSH,229.92538571151073
KNCHD,108.13
WE8PU,248.16
6DSEC,75.16361904761906
PYOYM,150.5
TMJTI,208.5975
UYX0N,105.36
KUQEY,338.335
MSHG7,71.8
P5YOB,353.31
SJ1RO,71.54
MFMOC,313.18
FJCST,246.8336666666667
HRPMH,71.24
JICZD,83.59
WGWFR,272.035
0LYFQ,200.51333333333335
S32T4,112.95
KNUU7,65.67
HJJB0,87.65
H3CEN,120.41
YSB6A,191.42
AI7RM,146.16
5UZFT,66.87
LCSEM,299.48
C2SWY,78.09
6KFTX,132.02
W1XEK,214.8393888888889
QZTP2,73.92
RNQHX,47.80333333333334
PQCBB,58.95
CT4P1,200.71
SWJHJ,652.9086904761905
PRWLR,93.91
ZDQJJ,237.37
FFXSO,141.22
WERLO,152.67390476190477
UHTNI,71.34
JUJMI,166.68
MCJND,256.3676451244833
5MLZI,81.4605
WAYNG,302.1483333333333
5FWOF,222.63
APRXA,334.1
LFYY5,310.78
AHIYL,85.70166666666668
F0A3P,132.07
8QIFX,59.37
GIGKR,185.0990234487734
BXONY,210.64
EENNY,153.165
HT48F,152.38
0130C,303.79
MFEJN,91.55
KXOHJ,150.26
KUEKD,62.19
VM3GZ,172.35
1SABE,520.8639999999999
VZLNJ,406.96
6Z5DQ,391.16
SXGCH,137.85
XIXAW,438.29
T2BOX,80.74
FNZ9G,61.14
CGFC0,341.23
LKJCE,110.22
VCHD5,141.04
2LYK9,758.3875
88GTE,296.15
1MSZU,136.4365476190476
KEAHQ,146.07416666666668
ZXGBN,134.4
P188P,274.95
X3FLD,205.69833333333332
TB3LB,182.14
WSWEG,64.99
7ETFA,132.3
MMRLR,150.91
MRV4R,64.9
7KWX6,59.96
STTHC,177.89
MNL9K,314.8
AJ8QM,773.6908571428572
QFLRA,138.53
ZVBN3,145.7516666666667
OUQRL,251.74
BBUZH,120.97
YHSZV,111.04
5DU2H,281.3366666666667
XAXIE,205.94
8XLPU,109.62
NJL5C,92.06
EJOYJ,212.8925
AQOBN,109.01
I54SV,126.4
NSVGT,48.798583333333326
R5GPR,187.71
MNYMP,104.53
WNLPJ,104.35
78QED,216.41
CD7QV,172.2
WXSHP,338.05
AJE6I,98.98
JH7YW,206.62
I9ASU,79.48
PW8WS,99.71600000000001
ISAN0,139.95
XDQON,131.68
NT9UC,348.1125
TI4DZ,94.89
FZGZX,225.6
CD78F,432.16
WP1VN,43.94
GJZHB,72.59
R8DJD,89.97
ZFICZ,275.086
CZGIM,302.73
WZKBJ,443.33
2Q09M,131.235
46DQI,135.69
OPOGH,314.05
UMHYW,125.53466666666667
OQQBN,169.40238492063492
MKXTQ,75.33
ZIJUU,155.94210245138424
LMEDM,180.33347570260193
BP3ET,117.45
6K3VL,79.29
OTJ8U,667.78
SWSUL,378.62
V4QY6,26.9
53ZNN,104.70384523809524
LJDPW,72.62
SFWRC,100.96
9BUFF,166.47083333333327
STNF7,64.51
JS9LB,305.37
GAFFX,115.19
UC592,103.71
S7S5V,80.585
YQA6J,96.5
9G2I0,97.1825
4TF3W,234.0944764957265
CKZDB,234.33
D27HU,182.85
L1M4U,968.31
HDX1N,192.68
JGKMN,190.99
EMTBQ,65.06
GJYDX,339.0025
XDMG6,85.43
1OYFV,146.77
II5M1,40.68
0KTK6,138.85
XBUDW,241.2
UIRJQ,381.65
7DCNJ,201.39
LW736,141.77666666666667
QMRVD,91.27
HDRR3,340.92
6AIOL,96.71
CR0RA,262.39
T2R8R,143.21
Z4LMI,468.33944444444444
QO0ZF,69.86
D0HT4,135.47
JCPOS,156.44
JHFI2,83.51
TGXZQ,169.97550000000004
GWGZD,100.06
HOKSD,141.67
9GDOA,152.87808080808082
D1QXP,200.93
ARLBW,158.84
MTH2Y,54.66
RSXIQ,154.04
MX5EN,126.71
BKGXM,150.19
K1RDY,141.93607142857144
TME1S,79.43
DE50J,140.41
L3DLQ,206.24
9WWMB,117.04
OAYNH,902.31
GSOL8,193.57333333333335
WTBPT,86.85
BW2H8,457.87
C6PBY,132.4
2C1AP,397.02
OKZYW,77.29416666666667
B33N8,388.12
9N7UL,108.15
Q2OV5,325.49
EH98A,130.66
LZV2I,129.22
ZMVZ5,187.4642222222222
DTZAU,374.2
7DTP4,65.68333333333334
SVE2Y,88.96
00CGX,109.59
CG3TA,313.26
LFD7Q,196.46
73V4A,41.27
DVBS3,229.38
0DBGT,62.76
ION6X,201.24
TREKJ,273.18
WFXP4,213.9
VVIVT,167.84783333333334
BFEEP,276.08
A77WN,757.72
6WYNP,170.62
OK8IO,176.26
H5DBD,60.38333333333333
CZEUN,162.87
PNVKJ,48.67
OHXDV,161.15
DEIC6,258.26
L06MU,128.935
F9Y5R,77.56
3ZCZH,90.47
28RSR,138.24
RXBDQ,99.9
XZ3QV,149.72
RE20D,314.39
0XHTE,324.37
WQZHK,220.06
ECJLH,77.86
VQHBZ,179.01
IJTU4,228.19
PWVIW,605.88
AGNRE,105.74
9NOQL,154.38191666666665
BQ7BQ,116.8
XRWMM,153.58
EXGL8,149.03
SQ50R,108.58
ICIQ6,75.06133333333334
ANCPC,83.33
IRV3U,142.88
LWVSB,454.63
UWM2J,407.32
DIZKA,101.84
UGOT8,122.68
QJSYW,85.94
LHK3W,337.49
SU64L,74.46
ROWB2,250.45
ZSPHK,172.67
AX5AS,194.77633106780482
0WWEB,158.35
8NZI1,354.58
2EPTO,144.84666666666666
WQNTU,132.69
WDXG2,76.845
DRZXF,205.63
KYWHV,93.91
CRWO7,94.47
ZKD0D,103.74
RBDWD,79.77
LLRPY,97.94666666666667
TDXS4,91.88333333333334
JUBYC,239.05
7AZR6,58.45
A5QBW,77.92
SG9DF,304.2
DHMCY,312.19
3JZAJ,237.61
IIIYT,319.56
ZEQIA,121.56
0XTYJ,66.28
H2OB5,142.15
TQJYA,207.57
SIMIW,123.34
5NGJM,78.83
6RRVG,59.59
AQ4U7,297.91
PREG1,251.83
HGUCQ,124.58
3NFOC,216.1753636363636
CFVMC,194.77633106780482
AEK9N,65.3
YMGCF,67.26
IMVC7,59.1
9FIQV,101.63455555555555
XVDXY,158.56
2FPGV,322.56
4DTYP,151.62
JPE6Y,241.72858333333335
X5D7U,330.96
DPLVL,69.53
I42I8,146.46305916305914
S1NIQ,97.25
YBF1N,163.68
73AEX,170.03
ACH3T,111.09
ZLRCJ,123.89
3GPIW,196.8409047619047
0T43K,153.68
IN9DH,156.19
MIWAZ,196.97
VLEDV,128.86
RKGOQ,365.81
CZBU2,94.93
XEKJB,94.7
0LTRX,69.15
9O3LM,183.1
JVQ8Q,318.20799999999997
U0DMZ,189.01
R9BFT,159.73
QOM7F,256.86
OGRLA,119.27
AE7MB,123.0
QI79T,69.28
GRMCN,160.435
CWNK3,136.76
XO3HO,127.6
GB3UF,249.2525
GK9OK,129.03
XXASI,178.58817857142859
FTYCV,276.05
5F5TT,49.88
PXDCK,109.39
EZLQS,294.21
4COGA,201.41
9IHM1,115.9
FXTIY,51.62
CNIJV,302.58
SBRWI,86.57833333333332
60QKE,133.96
RBDEP,534.8035416666667
TSR1Y,245.05
TBOMV,460.93
UBMY1,46.68
ZTM8M,192.55776948051945
T7AG9,151.88
BY7GF,167.95
Z1SG6,225.58
EEL3R,264.85
EOH6G,234.85
TUBYY,162.18
NLVHU,142.4
BJJPE,139.17
VGLV6,112.46057359307359
4HJKG,116.46
PR6WK,264.04
PIWRR,255.69
4QUIB,148.31
VNM6W,116.19296645021645
NIRWS,544.94
TP6NI,250.36
240GZ,81.14
JTSWO,95.99
W2Z2Q,252.6
Q4UET,311.16900000000004
FEDHK,123.835
A4XVG,171.12
XVFV4,105.36
OPZMA,162.79
AZ3OR,103.43
WYQZJ,126.63
MTK6M,275.6
9WZYR,95.32700000000001
XQFV2,587.51
XKSGL,114.78
MICYU,172.08
ZRZU3,84.00916666666666
F9KSK,213.36
P0NVI,246.0
7Z29V,343.14
IB8TE,158.35
6KT6K,99.06
D7V1S,280.0246666666667
SCUUG,144.42
SBLWW,246.92
2MYIY,160.69
E8NH1,622.39
KMEXM,142.82
GMLQD,92.12
ERUPQ,407.37
CG83L,175.84
BELNS,521.59
TOFIR,129.9
GOTCH,80.66
85UZQ,427.36
PLP6V,77.32
E8CWS,144.09
OUI0V,230.11
XAGSG,127.88
C77CY,71.157
Q2CD0,134.2
N4BQ6,541.15
NMYI0,295.23
YS5M3,65.89
A9JNX,171.31
LNQSJ,148.57
9PCHQ,77.44
5BCZY,151.9908333333333
CHTVQ,84.00916666666666
ELG1W,215.59
7BPMF,878.69
YI9MR,71.16
IRHWW,110.68
WHH5V,136.3
WZH9F,235.22
II60H,160.62
OVFMP,194.86
ZHKLU,137.05
9OHEZ,125.24533333333333
P2BPG,115.24
7MY0K,123.9692857142857
0AJGH,86.34
XOLEV,129.8625
TZF5H,237.73784523809522
IQCWA,409.17
IQIA6,121.42
QHLPT,52.68
N83B6,124.00083333333332
ALEVM,138.53
P9VWD,181.75
6W8OT,147.28
CXEXC,157.63
TBYEV,511.0
TM3WP,145.15
O3IDZ,169.25
ZQOTC,107.15164285714285
EGGDH,56.87
UHUHP,65.7535
A0OVB,627.0
XOUVW,214.6
AWTVS,757.75
PFSSW,170.98
ONPWF,468.83
IVJZ4,104.64
BM0MH,56.29
J2SCE,224.92514285714282
6J9ZW,55.0
YLVHN,265.68
WWZAQ,98.12
E3VUB,184.79979804345982
ATMVZ,103.01
YJSHT,463.44
YZK2C,216.11
6QS9T,257.68
2MTNY,121.53
OUKUD,185.24
1ZSX8,75.09
WAYJK,64.19
F75M5,187.78
KKBW7,132.74333333333334
NZLEU,149.27
W8NU6,116.87
FCKIR,333.25
FHG9U,192.31
KASF2,80.515
8PKPY,198.8
T3FDW,128.1
SHSBS,244.52
RVXJ0,368.28
HO4XF,201.01
HHUSR,112.69166666666668
SCXBS,152.37
I8XWV,23.51
FBLUK,152.30971933621936
ONJFL,146.89
H6PDY,173.66
T6OEE,103.35
1NKIM,174.38
AZPLQ,27.97
2OPNP,101.43
KSTZG,190.1641666666667
P0R4W,43.82166666666666
SE3QQ,184.58
GK8AB,118.88
YYEWD,169.77
RED4V,53.94
BSCEG,249.58256879231885
ZWSAS,153.89
OG0VM,134.93
58PKV,101.13
2C627,212.67
ZRWEV,574.1
53QXB,48.36
POAND,176.77
RPHJO,207.36
QNL82,209.19
3JRCB,67.885
NKL4S,326.5366666666667
WBR2Z,148.05
1YALT,256.11677777777777
AULPE,143.64875
ZZU4S,1121.79
9EBCI,134.84
Y6QIL,218.58
TSKVV,200.37
S3QDS,243.47
ZLE9E,204.55
DVGRC,171.6
XVYS6,86.91630952380952
1ZO7A,324.9
HQKLO,1135.37
TDMTM,171.48
PE8JC,63.04
TS9I3,191.77666666666667
BXVWO,234.56
TD7KF,182.92
D8E5B,304.36
VIIYO,133.51
RNEJT,278.26
BYUTD,207.48
ODKJN,87.85
RYPIC,251.9
PETUS,202.93471428571428
L4PPR,423.93
LXHVF,193.35741708291712
D3J6H,257.26
0Z4AU,71.52
QMMHP,147.94
1KHHL,89.95
WYUKV,92.69
OJCFO,167.99
INPFN,66.42
BYXWT,89.46
CB7KG,183.6
JGRFN,110.67
CIBY7,132.66
V77A1,302.46
TYQPM,411.08
A8VCT,390.72
V5TLP,206.77
VODLL,68.67566666666667
P3NZN,54.49
USKZD,188.46
UIHJ6,146.82
OO2TB,88.9675
NFTMH,110.56
JCFCY,391.16
ONYKH,705.74
WULDJ,101.41
S3KC7,129.24
HHETU,167.47
SUKIW,235.27
X2VXV,409.25
NYDLB,146.72
G351L,180.56696608946612
4HSWH,276.015
SHJCF,58.24
SGOW7,173.0716666666667
YGQNS,103.44
YSPDC,204.48666666666668
VGKIG,57.45
PGXGJ,96.28
GZFFO,356.05
YTDPT,437.31
7UWJX,332.67404353287753
KQOAV,123.94
5FEHM,106.37
RD4JV,143.96
NBLOL,256.885
U6RXQ,225.27766666666668
UEINH,167.95
JSS2C,71.47921428571429
XR9OX,117.71
I5VRB,130.92
FXCWV,189.49
IFD6G,142.92
LMVCN,250.62333333333336
MPVA3,68.91583333333332
ZAWDF,147.19398412698413
9ELM3,325.31
WQ2IM,85.87
CYFPT,135.68
SW0IO,209.62
B7ZGQ,138.38202380952382
XEINS,159.25
NFSA9,497.58
INWXI,79.005
TMGHM,170.49
S5FDI,210.43
O8NV8,128.2
7MHL4,101.04
OWTXI,140.56
G2M9F,79.505
CKDUZ,102.74
NRG0X,649.03
QQQA4,180.64
80JVR,55.131404761904776
PKWNT,277.05
STRH1,162.79
PQEXZ,60.92
YJSRZ,85.87
IGBRU,59.15
QGKJO,196.42
1P9C2,433.17
HF6JY,257.91
C58BA,373.54
PT5ES,151.35
BB7C9,100.84
TO3VM,335.94
5PBAC,314.95
9UGSD,134.83
PIS72,295.58
53KH5,141.075
VEHUX,78.37
UEL35,246.8336666666667
Q9T4I,164.35
UOYXS,139.61
THSOJ,391.0
DMYN2,271.9
WJOQM,478.76
XRND7,141.93
PBWH6,67.99
2TAJ9,661.38
YFHBN,139.816
Z0TCA,135.88570238095238
VBCBJ,205.25
S2ZQX,131.23
